<ImportExportXml version="9.2.21123.176" SolutionPackageVersion="9.2" languagecode="1033" generatedBy="CrmLive" xmlns:xsi="http://www.w3.org/2001/XMLSchema-instance">
  <SolutionManifest>
    <UniqueName>TMAnalyticsConnector</UniqueName>
    <LocalizedNames>
      <LocalizedName description="TechnoMile Competitive Insights" languagecode="1033" />
    </LocalizedNames>
    <Descriptions />
    <Version>2021.3.2.0</Version>
    <Managed>1</Managed>
    <Publisher>
      <UniqueName>tmanalytics</UniqueName>
      <LocalizedNames>
        <LocalizedName description="TechnoMile Competitive Insights" languagecode="1033" />
      </LocalizedNames>
      <Descriptions>
        <Description description="TechnoMile’s Analytics solution integrates with leading business intelligence data sources to automate the import of project leads for faster opportunity identification, evaluation, and capture. Data is continuously refreshed, so information is always up-to-date. Competitive intelligence within system makes it easy to find and evaluate incumbent contracts up for renewal. With one click, you can create new opportunities for contracts up for recompete." languagecode="1033" />
      </Descriptions>
      <EMailAddress>support@technomile.com</EMailAddress>
      <SupportingWebsiteUrl>https://technomile.com/products/govcon-suite/growth/analytics/</SupportingWebsiteUrl>
      <CustomizationPrefix>tma</CustomizationPrefix>
      <CustomizationOptionValuePrefix>17912</CustomizationOptionValuePrefix>
      <Addresses>
        <Address>
          <AddressNumber>1</AddressNumber>
          <AddressTypeCode>1</AddressTypeCode>
          <City xsi:nil="true"></City>
          <County xsi:nil="true"></County>
          <Country xsi:nil="true"></Country>
          <Fax xsi:nil="true"></Fax>
          <FreightTermsCode xsi:nil="true"></FreightTermsCode>
          <ImportSequenceNumber xsi:nil="true"></ImportSequenceNumber>
          <Latitude xsi:nil="true"></Latitude>
          <Line1 xsi:nil="true"></Line1>
          <Line2 xsi:nil="true"></Line2>
          <Line3 xsi:nil="true"></Line3>
          <Longitude xsi:nil="true"></Longitude>
          <Name xsi:nil="true"></Name>
          <PostalCode xsi:nil="true"></PostalCode>
          <PostOfficeBox xsi:nil="true"></PostOfficeBox>
          <PrimaryContactName xsi:nil="true"></PrimaryContactName>
          <ShippingMethodCode>1</ShippingMethodCode>
          <StateOrProvince xsi:nil="true"></StateOrProvince>
          <Telephone1 xsi:nil="true"></Telephone1>
          <Telephone2 xsi:nil="true"></Telephone2>
          <Telephone3 xsi:nil="true"></Telephone3>
          <TimeZoneRuleVersionNumber xsi:nil="true"></TimeZoneRuleVersionNumber>
          <UPSZone xsi:nil="true"></UPSZone>
          <UTCOffset xsi:nil="true"></UTCOffset>
          <UTCConversionTimeZoneCode xsi:nil="true"></UTCConversionTimeZoneCode>
        </Address>
        <Address>
          <AddressNumber>2</AddressNumber>
          <AddressTypeCode>1</AddressTypeCode>
          <City xsi:nil="true"></City>
          <County xsi:nil="true"></County>
          <Country xsi:nil="true"></Country>
          <Fax xsi:nil="true"></Fax>
          <FreightTermsCode xsi:nil="true"></FreightTermsCode>
          <ImportSequenceNumber xsi:nil="true"></ImportSequenceNumber>
          <Latitude xsi:nil="true"></Latitude>
          <Line1 xsi:nil="true"></Line1>
          <Line2 xsi:nil="true"></Line2>
          <Line3 xsi:nil="true"></Line3>
          <Longitude xsi:nil="true"></Longitude>
          <Name xsi:nil="true"></Name>
          <PostalCode xsi:nil="true"></PostalCode>
          <PostOfficeBox xsi:nil="true"></PostOfficeBox>
          <PrimaryContactName xsi:nil="true"></PrimaryContactName>
          <ShippingMethodCode>1</ShippingMethodCode>
          <StateOrProvince xsi:nil="true"></StateOrProvince>
          <Telephone1 xsi:nil="true"></Telephone1>
          <Telephone2 xsi:nil="true"></Telephone2>
          <Telephone3 xsi:nil="true"></Telephone3>
          <TimeZoneRuleVersionNumber xsi:nil="true"></TimeZoneRuleVersionNumber>
          <UPSZone xsi:nil="true"></UPSZone>
          <UTCOffset xsi:nil="true"></UTCOffset>
          <UTCConversionTimeZoneCode xsi:nil="true"></UTCConversionTimeZoneCode>
        </Address>
      </Addresses>
    </Publisher>
    <RootComponents>
      <RootComponent type="1" schemaName="account" behavior="1" />
      <RootComponent type="1" schemaName="contact" behavior="1" />
      <RootComponent type="1" schemaName="fedcap_contactrole" behavior="0" />
      <RootComponent type="1" schemaName="opportunity" behavior="1" />
      <RootComponent type="1" schemaName="systemuser" behavior="1" />
      <RootComponent type="1" schemaName="tma_config" behavior="0" />
      <RootComponent type="29" id="{d15f25c5-1e9d-eb11-b1ac-000d3a361817}" behavior="0" />
      <RootComponent type="29" id="{dae2e973-5b91-eb11-b1ac-000d3a58bc50}" behavior="0" />
      <RootComponent type="29" id="{e1fc97c4-1e9d-eb11-b1ac-000d3a361c1d}" behavior="0" />
      <RootComponent type="29" id="{feb36163-246a-4e1a-be93-49d660e73f5f}" behavior="0" />
      <RootComponent type="61" schemaName="fedcap_/AlertJS/css/alert.css" behavior="0" />
      <RootComponent type="61" schemaName="fedcap_/AlertJS/img/alert.png" behavior="0" />
      <RootComponent type="61" schemaName="fedcap_/AlertJS/img/alert_load.gif" behavior="0" />
      <RootComponent type="61" schemaName="fedcap_/AlertJS/js/alert.js" behavior="0" />
      <RootComponent type="61" schemaName="tma_account" behavior="0" />
      <RootComponent type="61" schemaName="tma_addAwardingAgencyInOpp.html" behavior="0" />
      <RootComponent type="61" schemaName="tma_addFundingAgencyInOpp.html" behavior="0" />
      <RootComponent type="61" schemaName="tma_agency-search" behavior="0" />
      <RootComponent type="61" schemaName="tma_agency-search-hover" behavior="0" />
      <RootComponent type="61" schemaName="tma_AlertImage" behavior="0" />
      <RootComponent type="61" schemaName="tma_AlertImage.png" behavior="0" />
      <RootComponent type="61" schemaName="tma_AnalyticsBeforeMatching" behavior="0" />
      <RootComponent type="61" schemaName="tma_AnalyticsConnectedButton" behavior="0" />
      <RootComponent type="61" schemaName="tma_AnalyticsController" behavior="0" />
      <RootComponent type="61" schemaName="tma_AnalyticsData.html" behavior="0" />
      <RootComponent type="61" schemaName="tma_AnalyticsData_V1" behavior="0" />
      <RootComponent type="61" schemaName="tma_AnalyticsDisconnect" behavior="0" />
      <RootComponent type="61" schemaName="tma_AnalyticsDisconnected" behavior="0" />
      <RootComponent type="61" schemaName="tma_AnalyticsDisconnectedButton" behavior="0" />
      <RootComponent type="61" schemaName="tma_AnalyticsIcon" behavior="0" />
      <RootComponent type="61" schemaName="tma_AnalyticsImportButton" behavior="0" />
      <RootComponent type="61" schemaName="tma_AnalyticsInfo" behavior="0" />
      <RootComponent type="61" schemaName="tma_AnalyticsInfoHover" behavior="0" />
      <RootComponent type="61" schemaName="tma_AnalyticsinfoIcon_Red" behavior="0" />
      <RootComponent type="61" schemaName="tma_AnalyticsInfoOutOfSync" behavior="0" />
      <RootComponent type="61" schemaName="tma_AnalyticsLoader" behavior="0" />
      <RootComponent type="61" schemaName="tma_analyticsLoaderSmall" behavior="0" />
      <RootComponent type="61" schemaName="tma_Analyticslogo" behavior="0" />
      <RootComponent type="61" schemaName="tma_AnalyticsLogoSmall" behavior="0" />
      <RootComponent type="61" schemaName="tma_AnalyticsMatchedController" behavior="0" />
      <RootComponent type="61" schemaName="tma_AnalyticsMatchedStateController" behavior="0" />
      <RootComponent type="61" schemaName="tma_AnalyticsMatchedVendorController" behavior="0" />
      <RootComponent type="61" schemaName="tma_AnalyticsMatching" behavior="0" />
      <RootComponent type="61" schemaName="tma_AnalyticsMatchingController" behavior="0" />
      <RootComponent type="61" schemaName="tma_AnalyticsOpportunityMatchedController.js" behavior="0" />
      <RootComponent type="61" schemaName="tma_AnalyticsPopUp" behavior="0" />
      <RootComponent type="61" schemaName="tma_AnalyticsPopUp_State" behavior="0" />
      <RootComponent type="61" schemaName="tma_AnalyticsPopUp_Vendor" behavior="0" />
      <RootComponent type="61" schemaName="tma_AnalyticsRibbonIcon" behavior="0" />
      <RootComponent type="61" schemaName="tma_Analyticssecurityroleconfiguration.js" behavior="0" />
      <RootComponent type="61" schemaName="tma_AnalyticsWhiteIcon" behavior="0" />
      <RootComponent type="61" schemaName="tma_Analytics_Ribbon" behavior="0" />
      <RootComponent type="61" schemaName="tma_Analytics_Ribbon_Icon_PNG" behavior="0" />
      <RootComponent type="61" schemaName="tma_ChangeEntityType" behavior="0" />
      <RootComponent type="61" schemaName="tma_ChangeEntityType-hover" behavior="0" />
      <RootComponent type="61" schemaName="tma_Check" behavior="0" />
      <RootComponent type="61" schemaName="tma_CodeReview_Analyticsbeforematching" behavior="0" />
      <RootComponent type="61" schemaName="tma_CompetitiveInsightsLoader" behavior="0" />
      <RootComponent type="61" schemaName="tma_connecttoanalytics" behavior="0" />
      <RootComponent type="61" schemaName="tma_contact-hover.png" behavior="0" />
      <RootComponent type="61" schemaName="tma_contact.png" behavior="0" />
      <RootComponent type="61" schemaName="tma_contactInCRM" behavior="0" />
      <RootComponent type="61" schemaName="tma_ContactPopUP.html" behavior="0" />
      <RootComponent type="61" schemaName="tma_ContactPopUpCtrl.js" behavior="0" />
      <RootComponent type="61" schemaName="tma_Contactsctrl.js" behavior="0" />
      <RootComponent type="61" schemaName="tma_ContactSync" behavior="0" />
      <RootComponent type="61" schemaName="tma_ContractDetailsTaskOrder.html" behavior="0" />
      <RootComponent type="61" schemaName="tma_corporate" behavior="0" />
      <RootComponent type="61" schemaName="tma_disconnectbutton" behavior="0" />
      <RootComponent type="61" schemaName="tma_disconnectbutton_white" behavior="0" />
      <RootComponent type="61" schemaName="tma_GenerateRefreshToken" behavior="0" />
      <RootComponent type="61" schemaName="tma_GenerateRefreshToken_QA" behavior="0" />
      <RootComponent type="61" schemaName="tma_GetContactDetailsPopUp" behavior="0" />
      <RootComponent type="61" schemaName="tma_GetMoreContacts" behavior="0" />
      <RootComponent type="61" schemaName="tma_Goto" behavior="0" />
      <RootComponent type="61" schemaName="tma_gotoportal" behavior="0" />
      <RootComponent type="61" schemaName="tma_HideAgencyContactSection" behavior="0" />
      <RootComponent type="61" schemaName="tma_HideContactsSection" behavior="0" />
      <RootComponent type="61" schemaName="tma_HideSyncIcon" behavior="0" />
      <RootComponent type="61" schemaName="tma_hierarchyComingSoon" behavior="0" />
      <RootComponent type="61" schemaName="tma_hierarchyIcon" behavior="0" />
      <RootComponent type="61" schemaName="tma_hierarchy_icon.png" behavior="0" />
      <RootComponent type="61" schemaName="tma_IncumbentMatching" behavior="0" />
      <RootComponent type="61" schemaName="tma_JQueryLibrary3_5_1" behavior="0" />
      <RootComponent type="61" schemaName="tma_logo" behavior="0" />
      <RootComponent type="61" schemaName="tma_multiselect.js" behavior="0" />
      <RootComponent type="61" schemaName="tma_ng-onload.min.js" behavior="0" />
      <RootComponent type="61" schemaName="tma_NoData" behavior="0" />
      <RootComponent type="61" schemaName="tma_opportunity-search" behavior="0" />
      <RootComponent type="61" schemaName="tma_opp_AccountMatchByAwarding.html" behavior="0" />
      <RootComponent type="61" schemaName="tma_opp_AccountMatchByFunding.html" behavior="0" />
      <RootComponent type="61" schemaName="tma_Opp_AwardsPopUp.html" behavior="0" />
      <RootComponent type="61" schemaName="tma_opp_ContractMatching.html" behavior="0" />
      <RootComponent type="61" schemaName="tma_opp_ContractMatchingV2.html" behavior="0" />
      <RootComponent type="61" schemaName="tma_Opp_Contractsctrl.js" behavior="0" />
      <RootComponent type="61" schemaName="tma_Opp_ContractsPopUp.html" behavior="0" />
      <RootComponent type="61" schemaName="tma_Opp_GetContactDetailsPopUp" behavior="0" />
      <RootComponent type="61" schemaName="tma_Opp_PersonInfoDetails.html" behavior="0" />
      <RootComponent type="61" schemaName="tma_Opp_SolicitationPopup.html" behavior="0" />
      <RootComponent type="61" schemaName="tma_Opp_SolicitationPreviousPopup.html" behavior="0" />
      <RootComponent type="61" schemaName="tma_Out-of-Sync.png" behavior="0" />
      <RootComponent type="61" schemaName="tma_TechnomileLOGO" behavior="0" />
      <RootComponent type="61" schemaName="tma_thumbsdown" behavior="0" />
      <RootComponent type="61" schemaName="tma_ThumbsUp" behavior="0" />
      <RootComponent type="61" schemaName="tma_TMAnalyticsConnect" behavior="0" />
      <RootComponent type="61" schemaName="tma_tma_ContactPopUP.html" behavior="0" />
      <RootComponent type="61" schemaName="tma_tmnewlogo" behavior="0" />
      <RootComponent type="61" schemaName="tma_TMSync" behavior="0" />
      <RootComponent type="61" schemaName="tma_unmatchicon_v2" behavior="0" />
      <RootComponent type="61" schemaName="tma_unplugged" behavior="0" />
      <RootComponent type="61" schemaName="tma_unplugged_grey" behavior="0" />
      <RootComponent type="61" schemaName="tma_vendor-search" behavior="0" />
      <RootComponent type="61" schemaName="tma_vendor-search-hover" behavior="0" />
      <RootComponent type="61" schemaName="tma_VendorAwards" behavior="0" />
      <RootComponent type="61" schemaName="tma_Vendor_ComingSoon" behavior="0" />
      <RootComponent type="61" schemaName="tma_WidgetConnector.js" behavior="0" />
      <RootComponent type="61" schemaName="tma_Widget_AnalyticsData" behavior="0" />
      <RootComponent type="61" schemaName="tma_Widget_Opportunity" behavior="0" />
    </RootComponents>
    <MissingDependencies>
      <MissingDependency>
        <Required type="1" schemaName="opportunity" displayName="Opportunity" solution="msdynce_Sales (9.0.4.0076)">
          <package>msdynce_SalesAnchor (9.0.21122.10002)</package>
        </Required>
        <Dependent type="1" schemaName="opportunity" displayName="Opportunity" />
      </MissingDependency>
      <MissingDependency>
        <Required type="2" schemaName="name" displayName="Topic" parentSchemaName="opportunity" parentDisplayName="Opportunity" solution="msdynce_Sales (9.0.4.0076)">
          <package>msdynce_SalesAnchor (9.0.21122.10002)</package>
        </Required>
        <Dependent type="10" schemaName="fedcap_opportunity_fedcap_contactrole_Opportunity" displayName="fedcap_opportunity_fedcap_contactrole_Opportunity" parentSchemaName="opportunity" parentDisplayName="Opportunity" />
      </MissingDependency>
      <MissingDependency>
        <Required type="2" schemaName="name" displayName="Topic" parentSchemaName="opportunity" parentDisplayName="Opportunity" solution="msdynce_Sales (9.0.4.0076)">
          <package>msdynce_SalesAnchor (9.0.21122.10002)</package>
        </Required>
        <Dependent type="2" schemaName="tma_tma_agencyid" displayName="TM Agency ID" parentSchemaName="opportunity" parentDisplayName="Opportunity" />
      </MissingDependency>
      <MissingDependency>
        <Required type="2" schemaName="name" displayName="Topic" parentSchemaName="opportunity" parentDisplayName="Opportunity" solution="msdynce_Sales (9.0.4.0076)">
          <package>msdynce_SalesAnchor (9.0.21122.10002)</package>
        </Required>
        <Dependent type="29" displayName="Analytics WF : Update Awarding Agency" id="{feb36163-246a-4e1a-be93-49d660e73f5f}" />
      </MissingDependency>
      <MissingDependency>
        <Required type="2" schemaName="opportunityid" displayName="Opportunity" parentSchemaName="opportunity" parentDisplayName="Opportunity" solution="msdynce_Sales (9.0.4.0076)">
          <package>msdynce_SalesAnchor (9.0.21122.10002)</package>
        </Required>
        <Dependent type="10" schemaName="fedcap_opportunity_fedcap_contactrole_Opportunity" displayName="fedcap_opportunity_fedcap_contactrole_Opportunity" parentSchemaName="opportunity" parentDisplayName="Opportunity" />
      </MissingDependency>
      <MissingDependency>
        <Required type="2" schemaName="opportunityid" displayName="Opportunity" parentSchemaName="opportunity" parentDisplayName="Opportunity" solution="msdynce_Sales (9.0.4.0076)">
          <package>msdynce_SalesAnchor (9.0.21122.10002)</package>
        </Required>
        <Dependent type="2" schemaName="tma_tma_agencyid" displayName="TM Agency ID" parentSchemaName="opportunity" parentDisplayName="Opportunity" />
      </MissingDependency>
      <MissingDependency>
        <Required type="2" schemaName="opportunityid" displayName="Opportunity" parentSchemaName="opportunity" parentDisplayName="Opportunity" solution="msdynce_Sales (9.0.4.0076)">
          <package>msdynce_SalesAnchor (9.0.21122.10002)</package>
        </Required>
        <Dependent type="29" displayName="Analytics WF : Update Awarding Agency" id="{feb36163-246a-4e1a-be93-49d660e73f5f}" />
      </MissingDependency>
      <MissingDependency>
        <Required type="2" schemaName="parentaccountid" displayName="Account" parentSchemaName="opportunity" parentDisplayName="Opportunity" solution="msdynce_Sales (9.0.4.0076)">
          <package>msdynce_SalesAnchor (9.0.21122.10002)</package>
        </Required>
        <Dependent type="2" schemaName="tma_tma_agencyid" displayName="TM Agency ID" parentSchemaName="opportunity" parentDisplayName="Opportunity" />
      </MissingDependency>
      <MissingDependency>
        <Required type="2" schemaName="parentaccountid" displayName="Account" parentSchemaName="opportunity" parentDisplayName="Opportunity" solution="msdynce_Sales (9.0.4.0076)">
          <package>msdynce_SalesAnchor (9.0.21122.10002)</package>
        </Required>
        <Dependent type="29" displayName="Analytics WF : Update Awarding Agency" id="{feb36163-246a-4e1a-be93-49d660e73f5f}" />
      </MissingDependency>
    </MissingDependencies>
  </SolutionManifest>
</ImportExportXml>