<ImportExportXml version="9.1.0.17461" SolutionPackageVersion="9.1" languagecode="1033" generatedBy="CrmLive" xmlns:xsi="http://www.w3.org/2001/XMLSchema-instance">
  <SolutionManifest>
    <UniqueName>TechnomileGrowthSuiteAppTOM</UniqueName>
    <LocalizedNames>
      <LocalizedName description="Technomile Growth Suite App TOM" languagecode="1033" />
    </LocalizedNames>
    <Descriptions>
      <Description description="Technomile Growth Suite App TOM Powered By Technomile." languagecode="1033" />
    </Descriptions>
    <Version>2020.1.0.1</Version>
    <Managed>1</Managed>
    <Publisher>
      <UniqueName>tm_growth</UniqueName>
      <LocalizedNames>
        <LocalizedName description="Technomile Growth" languagecode="1033" />
      </LocalizedNames>
      <Descriptions>
        <Description description="Technomile Publisher." languagecode="1033" />
      </Descriptions>
      <EMailAddress xsi:nil="true"></EMailAddress>
      <SupportingWebsiteUrl xsi:nil="true"></SupportingWebsiteUrl>
      <CustomizationPrefix>fedcap</CustomizationPrefix>
      <CustomizationOptionValuePrefix>91899</CustomizationOptionValuePrefix>
      <Addresses>
        <Address>
          <AddressNumber>1</AddressNumber>
          <AddressTypeCode>1</AddressTypeCode>
          <City xsi:nil="true"></City>
          <County xsi:nil="true"></County>
          <Country xsi:nil="true"></Country>
          <Fax xsi:nil="true"></Fax>
          <FreightTermsCode xsi:nil="true"></FreightTermsCode>
          <ImportSequenceNumber xsi:nil="true"></ImportSequenceNumber>
          <Latitude xsi:nil="true"></Latitude>
          <Line1 xsi:nil="true"></Line1>
          <Line2 xsi:nil="true"></Line2>
          <Line3 xsi:nil="true"></Line3>
          <Longitude xsi:nil="true"></Longitude>
          <Name xsi:nil="true"></Name>
          <PostalCode xsi:nil="true"></PostalCode>
          <PostOfficeBox xsi:nil="true"></PostOfficeBox>
          <PrimaryContactName xsi:nil="true"></PrimaryContactName>
          <ShippingMethodCode>1</ShippingMethodCode>
          <StateOrProvince xsi:nil="true"></StateOrProvince>
          <Telephone1 xsi:nil="true"></Telephone1>
          <Telephone2 xsi:nil="true"></Telephone2>
          <Telephone3 xsi:nil="true"></Telephone3>
          <TimeZoneRuleVersionNumber xsi:nil="true"></TimeZoneRuleVersionNumber>
          <UPSZone xsi:nil="true"></UPSZone>
          <UTCOffset xsi:nil="true"></UTCOffset>
          <UTCConversionTimeZoneCode xsi:nil="true"></UTCConversionTimeZoneCode>
        </Address>
        <Address>
          <AddressNumber>2</AddressNumber>
          <AddressTypeCode>1</AddressTypeCode>
          <City xsi:nil="true"></City>
          <County xsi:nil="true"></County>
          <Country xsi:nil="true"></Country>
          <Fax xsi:nil="true"></Fax>
          <FreightTermsCode xsi:nil="true"></FreightTermsCode>
          <ImportSequenceNumber xsi:nil="true"></ImportSequenceNumber>
          <Latitude xsi:nil="true"></Latitude>
          <Line1 xsi:nil="true"></Line1>
          <Line2 xsi:nil="true"></Line2>
          <Line3 xsi:nil="true"></Line3>
          <Longitude xsi:nil="true"></Longitude>
          <Name xsi:nil="true"></Name>
          <PostalCode xsi:nil="true"></PostalCode>
          <PostOfficeBox xsi:nil="true"></PostOfficeBox>
          <PrimaryContactName xsi:nil="true"></PrimaryContactName>
          <ShippingMethodCode>1</ShippingMethodCode>
          <StateOrProvince xsi:nil="true"></StateOrProvince>
          <Telephone1 xsi:nil="true"></Telephone1>
          <Telephone2 xsi:nil="true"></Telephone2>
          <Telephone3 xsi:nil="true"></Telephone3>
          <TimeZoneRuleVersionNumber xsi:nil="true"></TimeZoneRuleVersionNumber>
          <UPSZone xsi:nil="true"></UPSZone>
          <UTCOffset xsi:nil="true"></UTCOffset>
          <UTCConversionTimeZoneCode xsi:nil="true"></UTCConversionTimeZoneCode>
        </Address>
      </Addresses>
    </Publisher>
    <RootComponents>
      <RootComponent type="1" schemaName="fedcap_contractmods" behavior="0" />
      <RootComponent type="1" schemaName="fedcap_contractvehiclecontact" behavior="0" />
      <RootComponent type="1" schemaName="fedcap_ebuyverificationcode" behavior="0" />
      <RootComponent type="1" schemaName="fedcap_employee" behavior="0" />
      <RootComponent type="1" schemaName="fedcap_milestonedeliverable" behavior="0" />
      <RootComponent type="1" schemaName="fedcap_taskorder" behavior="0" />
      <RootComponent type="1" schemaName="fedcap_taskorderbusinessprocessflow" behavior="0" />
      <RootComponent type="1" schemaName="fedcap_taskordercontacts" behavior="0" />
      <RootComponent type="1" schemaName="fedcap_teamingpartners" behavior="0" />
      <RootComponent type="1" schemaName="fedtom_teamingrequestquestionnaireanswer" behavior="0" />
      <RootComponent type="1" schemaName="fedtom_teamingrequesttaskquestionnaire" behavior="0" />
      <RootComponent type="1" schemaName="fedtom_tomaquestionnaire" behavior="0" />
      <RootComponent type="1" schemaName="fedtom_tomaquestionnaireresponse" behavior="0" />
      <RootComponent type="1" schemaName="fedtom_tomaquestionnairesent" behavior="0" />
      <RootComponent type="1" schemaName="fedtom_tomaquestions" behavior="0" />
      <RootComponent type="1" schemaName="fedtom_toma_questionaries_email_template" behavior="0" />
      <RootComponent type="1" schemaName="new_contractvehicles" behavior="0" />
      <RootComponent type="1" schemaName="new_vehiclepartners" behavior="0" />
      <RootComponent type="1" schemaName="opportunity" behavior="1" />
      <RootComponent type="9" schemaName="fedcap_comparisonlevel" behavior="0" />
      <RootComponent type="20" id="{47110468-f3d8-e811-a966-000d3a30d0ca}" behavior="0" />
      <RootComponent type="29" id="{3210074a-516a-e811-a95f-000d3a3099e5}" behavior="0" />
      <RootComponent type="29" id="{4a2bf1cb-7170-e811-a95f-000d3a30d0ca}" behavior="0" />
      <RootComponent type="29" id="{7a416398-7634-41d8-ae92-a2abc141ed2a}" behavior="0" />
      <RootComponent type="29" id="{81fbc3d7-fe36-4824-81e4-81f52a73dde9}" behavior="0" />
      <RootComponent type="29" id="{a9b827b4-605e-e811-a958-000d3a30d5db}" behavior="0" />
      <RootComponent type="29" id="{bae2ee2e-f340-4865-bd2d-9a3266c08f7b}" behavior="0" />
      <RootComponent type="29" id="{c02d4c33-e304-43a6-a3ba-6cd3dea8b5b3}" behavior="0" />
      <RootComponent type="29" id="{c1e68a5e-b262-4a52-8f96-b2099a4990ef}" behavior="0" />
      <RootComponent type="29" id="{df931e5f-53cc-437d-a86d-c2edfa91fe4a}" behavior="0" />
      <RootComponent type="29" id="{ee3c0798-dfdd-e811-a96b-000d3a308373}" behavior="0" />
      <RootComponent type="36" id="{3b871b69-01f7-e811-a972-000d3a30db97}" behavior="0" />
      <RootComponent type="36" id="{da876937-7850-e911-a980-000d3a3099e5}" behavior="0" />
      <RootComponent type="36" id="{de8b4653-47f9-e811-a96b-000d3a30d5db}" behavior="0" />
      <RootComponent type="60" id="{714c8c8d-8777-4645-a6eb-c659ee51d0ef}" behavior="0" />
      <RootComponent type="60" id="{9009c0c3-6e53-416b-a6c0-76709886fc9b}" behavior="0" />
      <RootComponent type="60" id="{b0d9f3ef-e547-49d8-ab05-853e247e2193}" behavior="0" />
      <RootComponent type="60" id="{b1d4b64c-8fd0-4cea-9aed-050614d39f5b}" behavior="0" />
      <RootComponent type="60" id="{df99386f-a840-4926-972d-fc18b1b8f12e}" behavior="0" />
      <RootComponent type="60" id="{fc9382d3-e45a-4639-be50-ef5ec9148b31}" behavior="0" />
      <RootComponent type="61" schemaName="clm_ContractEntityIconSvg" behavior="0" />
      <RootComponent type="61" schemaName="clm_ContractRibbonIconPng" behavior="0" />
      <RootComponent type="61" schemaName="clm_ContractVehicleSideBarSvg" behavior="0" />
      <RootComponent type="61" schemaName="clm_TaskOrderEntityIconSvg" behavior="0" />
      <RootComponent type="61" schemaName="clm_TaskOrderSideBarIconSvg" behavior="0" />
      <RootComponent type="61" schemaName="fedcap_TaskOrder.js" behavior="0" />
      <RootComponent type="61" schemaName="fedcap_TaskOrderIcon.svg" behavior="0" />
      <RootComponent type="61" schemaName="fedtom_/images/edit.png" behavior="0" />
      <RootComponent type="61" schemaName="fedtom_/images/MinusSign.png" behavior="0" />
      <RootComponent type="61" schemaName="fedtom_/images/searchicon.png" behavior="0" />
      <RootComponent type="61" schemaName="fedtom_/images/undo.png" behavior="0" />
      <RootComponent type="61" schemaName="fedtom_ContractVehicleContacts.html" behavior="0" />
      <RootComponent type="61" schemaName="fedtom_ContractVehicleContacts.js" behavior="0" />
      <RootComponent type="61" schemaName="fedtom_RibbonButton.js" behavior="0" />
      <RootComponent type="61" schemaName="fedtom_TaskOrderApproval.js" behavior="0" />
      <RootComponent type="61" schemaName="fedtom_TaskOrderContacts.html" behavior="0" />
      <RootComponent type="61" schemaName="fedtom_TaskOrderContacts.js" behavior="0" />
      <RootComponent type="61" schemaName="fedtom_TOMA_QuestionnaireCRUD.html" behavior="0" />
      <RootComponent type="61" schemaName="fedtom_TOMA_QuestionnaireCRUD.js" behavior="0" />
      <RootComponent type="61" schemaName="fedtom_TO_TeamingPartners.html" behavior="0" />
      <RootComponent type="61" schemaName="fedtom_TO_TeamingPartners.js" behavior="0" />
      <RootComponent type="61" schemaName="fedtom_VehiclePartner.js" behavior="0" />
      <RootComponent type="61" schemaName="fedtom_VehiclePartners.html" behavior="0" />
      <RootComponent type="91" id="{45b738db-0239-441f-975d-978b2d6397ee}" schemaName="FedTOM_Plugin, Version=1.0.0.0, Culture=neutral, PublicKeyToken=50112f5e0b16fc47" behavior="0" />
      <RootComponent type="92" id="{40769cdb-f3f9-e811-a972-000d3a30db97}" behavior="0" />
      <RootComponent type="92" id="{7b711cff-fff2-e811-a96b-000d3a30d0ca}" behavior="0" />
    </RootComponents>
    <MissingDependencies>
      <MissingDependency>
        <Required key="0" type="1" schemaName="opportunity" displayName="Opportunity" solution="msdynce_Sales (9.0.4.0076)" />
        <Dependent key="0" type="1" schemaName="opportunity" displayName="Opportunity" />
      </MissingDependency>
      <MissingDependency>
        <Required key="0" type="1" schemaName="opportunity" displayName="Opportunity" solution="msdynce_Sales (9.0.4.0076)" />
        <Dependent key="1" type="2" schemaName="fedcap_taskorder" displayName="Task order" parentSchemaName="opportunity" parentDisplayName="Opportunity" />
      </MissingDependency>
      <MissingDependency>
        <Required key="0" type="1" schemaName="opportunity" displayName="Opportunity" solution="msdynce_Sales (9.0.4.0076)" />
        <Dependent key="2" type="2" schemaName="fedcap_taskordername" parentSchemaName="opportunity" parentDisplayName="Opportunity" />
      </MissingDependency>
      <MissingDependency>
        <Required key="0" type="1" schemaName="opportunity" displayName="Opportunity" solution="msdynce_Sales (9.0.4.0076)" />
        <Dependent key="3" type="10" schemaName="fedcap_opportunity_fedcap_taskorder_Opportunity" displayName="fedcap_opportunity_fedcap_taskorder_Opportunity" parentSchemaName="opportunity" parentDisplayName="Opportunity" />
      </MissingDependency>
      <MissingDependency>
        <Required key="0" type="1" schemaName="opportunity" displayName="Opportunity" solution="msdynce_Sales (9.0.4.0076)" />
        <Dependent key="4" type="10" schemaName="fedcap_opportunity_fedcap_teamingpartners_OpportunityBid" displayName="fedcap_opportunity_fedcap_teamingpartners_OpportunityBid" parentSchemaName="opportunity" parentDisplayName="Opportunity" />
      </MissingDependency>
      <MissingDependency>
        <Required key="0" type="1" schemaName="opportunity" displayName="Opportunity" solution="msdynce_Sales (9.0.4.0076)" />
        <Dependent key="5" type="10" schemaName="new_opportunity_new_contractvehicles_OPPORTUNITY_NAME__C" displayName="new_opportunity_new_contractvehicles_OPPORTUNITY_NAME__C" parentSchemaName="opportunity" parentDisplayName="Opportunity" />
      </MissingDependency>
      <MissingDependency>
        <Required key="0" type="1" schemaName="opportunity" displayName="Opportunity" solution="msdynce_Sales (9.0.4.0076)" />
        <Dependent key="6" type="29" displayName="Workflow : Trigger Opportunity Create from Task Order by Ribbon" id="{c1e68a5e-b262-4a52-8f96-b2099a4990ef}" />
      </MissingDependency>
      <MissingDependency>
        <Required key="0" type="1" schemaName="opportunity" displayName="Opportunity" solution="msdynce_Sales (9.0.4.0076)" />
        <Dependent key="7" type="10" schemaName="fedcap_fedcap_taskorder_opportunity_Taskorder" displayName="fedcap_fedcap_taskorder_opportunity_Taskorder" parentSchemaName="fedcap_taskorder" parentDisplayName="Task Order" />
      </MissingDependency>
      <MissingDependency>
        <Required key="8" type="2" schemaName="prioritycode" displayName="Priority" parentSchemaName="opportunity" parentDisplayName="Opportunity" solution="msdynce_Sales (9.0.4.0076)" />
        <Dependent key="6" type="29" displayName="Workflow : Trigger Opportunity Create from Task Order by Ribbon" id="{c1e68a5e-b262-4a52-8f96-b2099a4990ef}" />
      </MissingDependency>
      <MissingDependency>
        <Required key="9" type="2" schemaName="presentfinalproposal" displayName="Present Final Proposal" parentSchemaName="opportunity" parentDisplayName="Opportunity" solution="msdynce_Sales (9.0.4.0076)" />
        <Dependent key="6" type="29" displayName="Workflow : Trigger Opportunity Create from Task Order by Ribbon" id="{c1e68a5e-b262-4a52-8f96-b2099a4990ef}" />
      </MissingDependency>
      <MissingDependency>
        <Required key="10" type="2" schemaName="presentproposal" displayName="Presented Proposal" parentSchemaName="opportunity" parentDisplayName="Opportunity" solution="msdynce_Sales (9.0.4.0076)" />
        <Dependent key="6" type="29" displayName="Workflow : Trigger Opportunity Create from Task Order by Ribbon" id="{c1e68a5e-b262-4a52-8f96-b2099a4990ef}" />
      </MissingDependency>
      <MissingDependency>
        <Required key="11" type="2" schemaName="sendthankyounote" displayName="Send Thank You Note" parentSchemaName="opportunity" parentDisplayName="Opportunity" solution="msdynce_Sales (9.0.4.0076)" />
        <Dependent key="6" type="29" displayName="Workflow : Trigger Opportunity Create from Task Order by Ribbon" id="{c1e68a5e-b262-4a52-8f96-b2099a4990ef}" />
      </MissingDependency>
      <MissingDependency>
        <Required key="12" type="2" schemaName="parentaccountid" displayName="Account" parentSchemaName="opportunity" parentDisplayName="Opportunity" solution="msdynce_Sales (9.0.4.0076)" />
        <Dependent key="6" type="29" displayName="Workflow : Trigger Opportunity Create from Task Order by Ribbon" id="{c1e68a5e-b262-4a52-8f96-b2099a4990ef}" />
      </MissingDependency>
      <MissingDependency>
        <Required key="13" type="2" schemaName="captureproposalfeedback" displayName="Proposal Feedback Captured" parentSchemaName="opportunity" parentDisplayName="Opportunity" solution="msdynce_Sales (9.0.4.0076)" />
        <Dependent key="6" type="29" displayName="Workflow : Trigger Opportunity Create from Task Order by Ribbon" id="{c1e68a5e-b262-4a52-8f96-b2099a4990ef}" />
      </MissingDependency>
      <MissingDependency>
        <Required key="14" type="2" schemaName="identifypursuitteam" displayName="Identify Sales Team" parentSchemaName="opportunity" parentDisplayName="Opportunity" solution="msdynce_Sales (9.0.4.0076)" />
        <Dependent key="6" type="29" displayName="Workflow : Trigger Opportunity Create from Task Order by Ribbon" id="{c1e68a5e-b262-4a52-8f96-b2099a4990ef}" />
      </MissingDependency>
      <MissingDependency>
        <Required key="15" type="2" schemaName="transactioncurrencyid" displayName="Currency" parentSchemaName="opportunity" parentDisplayName="Opportunity" solution="msdynce_Sales (9.0.4.0076)" />
        <Dependent key="6" type="29" displayName="Workflow : Trigger Opportunity Create from Task Order by Ribbon" id="{c1e68a5e-b262-4a52-8f96-b2099a4990ef}" />
      </MissingDependency>
      <MissingDependency>
        <Required key="16" type="2" schemaName="identifycompetitors" displayName="Identify Competitors" parentSchemaName="opportunity" parentDisplayName="Opportunity" solution="msdynce_Sales (9.0.4.0076)" />
        <Dependent key="6" type="29" displayName="Workflow : Trigger Opportunity Create from Task Order by Ribbon" id="{c1e68a5e-b262-4a52-8f96-b2099a4990ef}" />
      </MissingDependency>
      <MissingDependency>
        <Required key="17" type="2" schemaName="opportunityratingcode" displayName="Rating" parentSchemaName="opportunity" parentDisplayName="Opportunity" solution="msdynce_Sales (9.0.4.0076)" />
        <Dependent key="6" type="29" displayName="Workflow : Trigger Opportunity Create from Task Order by Ribbon" id="{c1e68a5e-b262-4a52-8f96-b2099a4990ef}" />
      </MissingDependency>
      <MissingDependency>
        <Required key="18" type="2" schemaName="resolvefeedback" displayName="Feedback Resolved" parentSchemaName="opportunity" parentDisplayName="Opportunity" solution="msdynce_Sales (9.0.4.0076)" />
        <Dependent key="6" type="29" displayName="Workflow : Trigger Opportunity Create from Task Order by Ribbon" id="{c1e68a5e-b262-4a52-8f96-b2099a4990ef}" />
      </MissingDependency>
      <MissingDependency>
        <Required key="19" type="2" schemaName="completefinalproposal" displayName="Final Proposal Ready" parentSchemaName="opportunity" parentDisplayName="Opportunity" solution="msdynce_Sales (9.0.4.0076)" />
        <Dependent key="6" type="29" displayName="Workflow : Trigger Opportunity Create from Task Order by Ribbon" id="{c1e68a5e-b262-4a52-8f96-b2099a4990ef}" />
      </MissingDependency>
      <MissingDependency>
        <Required key="20" type="2" schemaName="identifycustomercontacts" displayName="Identify Customer Contacts" parentSchemaName="opportunity" parentDisplayName="Opportunity" solution="msdynce_Sales (9.0.4.0076)" />
        <Dependent key="6" type="29" displayName="Workflow : Trigger Opportunity Create from Task Order by Ribbon" id="{c1e68a5e-b262-4a52-8f96-b2099a4990ef}" />
      </MissingDependency>
      <MissingDependency>
        <Required key="21" type="2" schemaName="completeinternalreview" displayName="Complete Internal Review" parentSchemaName="opportunity" parentDisplayName="Opportunity" solution="msdynce_Sales (9.0.4.0076)" />
        <Dependent key="6" type="29" displayName="Workflow : Trigger Opportunity Create from Task Order by Ribbon" id="{c1e68a5e-b262-4a52-8f96-b2099a4990ef}" />
      </MissingDependency>
      <MissingDependency>
        <Required key="22" type="2" schemaName="evaluatefit" displayName="Evaluate Fit" parentSchemaName="opportunity" parentDisplayName="Opportunity" solution="msdynce_Sales (9.0.4.0076)" />
        <Dependent key="6" type="29" displayName="Workflow : Trigger Opportunity Create from Task Order by Ribbon" id="{c1e68a5e-b262-4a52-8f96-b2099a4990ef}" />
      </MissingDependency>
      <MissingDependency>
        <Required key="23" type="2" schemaName="filedebrief" displayName="File Debrief" parentSchemaName="opportunity" parentDisplayName="Opportunity" solution="msdynce_Sales (9.0.4.0076)" />
        <Dependent key="6" type="29" displayName="Workflow : Trigger Opportunity Create from Task Order by Ribbon" id="{c1e68a5e-b262-4a52-8f96-b2099a4990ef}" />
      </MissingDependency>
      <MissingDependency>
        <Required key="24" type="2" schemaName="decisionmaker" displayName="Decision Maker?" parentSchemaName="opportunity" parentDisplayName="Opportunity" solution="msdynce_Sales (9.0.4.0076)" />
        <Dependent key="6" type="29" displayName="Workflow : Trigger Opportunity Create from Task Order by Ribbon" id="{c1e68a5e-b262-4a52-8f96-b2099a4990ef}" />
      </MissingDependency>
      <MissingDependency>
        <Required key="25" type="2" schemaName="pursuitdecision" displayName="Decide Go/No-Go" parentSchemaName="opportunity" parentDisplayName="Opportunity" solution="msdynce_Sales (9.0.4.0076)" />
        <Dependent key="6" type="29" displayName="Workflow : Trigger Opportunity Create from Task Order by Ribbon" id="{c1e68a5e-b262-4a52-8f96-b2099a4990ef}" />
      </MissingDependency>
      <MissingDependency>
        <Required key="26" type="2" schemaName="name" displayName="Topic" parentSchemaName="opportunity" parentDisplayName="Opportunity" solution="msdynce_Sales (9.0.4.0076)" />
        <Dependent key="3" type="10" schemaName="fedcap_opportunity_fedcap_taskorder_Opportunity" displayName="fedcap_opportunity_fedcap_taskorder_Opportunity" parentSchemaName="opportunity" parentDisplayName="Opportunity" />
      </MissingDependency>
      <MissingDependency>
        <Required key="26" type="2" schemaName="name" displayName="Topic" parentSchemaName="opportunity" parentDisplayName="Opportunity" solution="msdynce_Sales (9.0.4.0076)" />
        <Dependent key="4" type="10" schemaName="fedcap_opportunity_fedcap_teamingpartners_OpportunityBid" displayName="fedcap_opportunity_fedcap_teamingpartners_OpportunityBid" parentSchemaName="opportunity" parentDisplayName="Opportunity" />
      </MissingDependency>
      <MissingDependency>
        <Required key="26" type="2" schemaName="name" displayName="Topic" parentSchemaName="opportunity" parentDisplayName="Opportunity" solution="msdynce_Sales (9.0.4.0076)" />
        <Dependent key="5" type="10" schemaName="new_opportunity_new_contractvehicles_OPPORTUNITY_NAME__C" displayName="new_opportunity_new_contractvehicles_OPPORTUNITY_NAME__C" parentSchemaName="opportunity" parentDisplayName="Opportunity" />
      </MissingDependency>
      <MissingDependency>
        <Required key="26" type="2" schemaName="name" displayName="Topic" parentSchemaName="opportunity" parentDisplayName="Opportunity" solution="msdynce_Sales (9.0.4.0076)" />
        <Dependent key="6" type="29" displayName="Workflow : Trigger Opportunity Create from Task Order by Ribbon" id="{c1e68a5e-b262-4a52-8f96-b2099a4990ef}" />
      </MissingDependency>
      <MissingDependency>
        <Required key="27" type="2" schemaName="salesstagecode" displayName="Process Code" parentSchemaName="opportunity" parentDisplayName="Opportunity" solution="msdynce_Sales (9.0.4.0076)" />
        <Dependent key="6" type="29" displayName="Workflow : Trigger Opportunity Create from Task Order by Ribbon" id="{c1e68a5e-b262-4a52-8f96-b2099a4990ef}" />
      </MissingDependency>
      <MissingDependency>
        <Required key="28" type="2" schemaName="isrevenuesystemcalculated" displayName="Revenue" parentSchemaName="opportunity" parentDisplayName="Opportunity" solution="msdynce_Sales (9.0.4.0076)" />
        <Dependent key="6" type="29" displayName="Workflow : Trigger Opportunity Create from Task Order by Ribbon" id="{c1e68a5e-b262-4a52-8f96-b2099a4990ef}" />
      </MissingDependency>
      <MissingDependency>
        <Required key="29" type="2" schemaName="customerid" displayName="Potential Customer" parentSchemaName="opportunity" parentDisplayName="Opportunity" solution="msdynce_Sales (9.0.4.0076)" />
        <Dependent key="6" type="29" displayName="Workflow : Trigger Opportunity Create from Task Order by Ribbon" id="{c1e68a5e-b262-4a52-8f96-b2099a4990ef}" />
      </MissingDependency>
      <MissingDependency>
        <Required key="30" type="2" schemaName="statuscode" displayName="Status Reason" parentSchemaName="opportunity" parentDisplayName="Opportunity" solution="msdynce_Sales (9.0.4.0076)" />
        <Dependent key="6" type="29" displayName="Workflow : Trigger Opportunity Create from Task Order by Ribbon" id="{c1e68a5e-b262-4a52-8f96-b2099a4990ef}" />
      </MissingDependency>
      <MissingDependency>
        <Required key="31" type="2" schemaName="developproposal" displayName="Develop Proposal" parentSchemaName="opportunity" parentDisplayName="Opportunity" solution="msdynce_Sales (9.0.4.0076)" />
        <Dependent key="6" type="29" displayName="Workflow : Trigger Opportunity Create from Task Order by Ribbon" id="{c1e68a5e-b262-4a52-8f96-b2099a4990ef}" />
      </MissingDependency>
      <MissingDependency>
        <Required key="32" type="2" schemaName="opportunityid" displayName="Opportunity" parentSchemaName="opportunity" parentDisplayName="Opportunity" solution="msdynce_Sales (9.0.4.0076)" />
        <Dependent key="5" type="10" schemaName="new_opportunity_new_contractvehicles_OPPORTUNITY_NAME__C" displayName="new_opportunity_new_contractvehicles_OPPORTUNITY_NAME__C" parentSchemaName="opportunity" parentDisplayName="Opportunity" />
      </MissingDependency>
      <MissingDependency>
        <Required key="32" type="2" schemaName="opportunityid" displayName="Opportunity" parentSchemaName="opportunity" parentDisplayName="Opportunity" solution="msdynce_Sales (9.0.4.0076)" />
        <Dependent key="3" type="10" schemaName="fedcap_opportunity_fedcap_taskorder_Opportunity" displayName="fedcap_opportunity_fedcap_taskorder_Opportunity" parentSchemaName="opportunity" parentDisplayName="Opportunity" />
      </MissingDependency>
      <MissingDependency>
        <Required key="32" type="2" schemaName="opportunityid" displayName="Opportunity" parentSchemaName="opportunity" parentDisplayName="Opportunity" solution="msdynce_Sales (9.0.4.0076)" />
        <Dependent key="6" type="29" displayName="Workflow : Trigger Opportunity Create from Task Order by Ribbon" id="{c1e68a5e-b262-4a52-8f96-b2099a4990ef}" />
      </MissingDependency>
      <MissingDependency>
        <Required key="32" type="2" schemaName="opportunityid" displayName="Opportunity" parentSchemaName="opportunity" parentDisplayName="Opportunity" solution="msdynce_Sales (9.0.4.0076)" />
        <Dependent key="4" type="10" schemaName="fedcap_opportunity_fedcap_teamingpartners_OpportunityBid" displayName="fedcap_opportunity_fedcap_teamingpartners_OpportunityBid" parentSchemaName="opportunity" parentDisplayName="Opportunity" />
      </MissingDependency>
      <MissingDependency>
        <Required key="33" type="2" schemaName="confirminterest" displayName="Confirm Interest" parentSchemaName="opportunity" parentDisplayName="Opportunity" solution="msdynce_Sales (9.0.4.0076)" />
        <Dependent key="6" type="29" displayName="Workflow : Trigger Opportunity Create from Task Order by Ribbon" id="{c1e68a5e-b262-4a52-8f96-b2099a4990ef}" />
      </MissingDependency>
      <MissingDependency>
        <Required key="34" type="66" schemaName="MscrmControls.Grid.GridControl" displayName="MscrmControls.Grid.GridControl" solution="BaseCustomControlsCore (9.0.2004.4012)" />
        <Dependent key="35" type="68" id="{42e3bd14-8bbe-43d7-bb5d-576ced9b37e8}" />
      </MissingDependency>
      <MissingDependency>
        <Required key="34" type="66" schemaName="MscrmControls.Grid.GridControl" displayName="MscrmControls.Grid.GridControl" solution="BaseCustomControlsCore (9.0.2004.4012)" />
        <Dependent key="36" type="68" id="{90fecdba-9de5-4f49-abbf-272b13cef388}" />
      </MissingDependency>
      <MissingDependency>
        <Required key="34" type="66" schemaName="MscrmControls.Grid.GridControl" displayName="MscrmControls.Grid.GridControl" solution="BaseCustomControlsCore (9.0.2004.4012)" />
        <Dependent key="37" type="68" id="{5401be75-65eb-496e-9acf-3227ff027086}" />
      </MissingDependency>
    </MissingDependencies>
  </SolutionManifest>
</ImportExportXml>