{
  "properties": {
    "connectionReferences": {},
    "definition": {
      "$schema": "https://schema.management.azure.com/providers/Microsoft.Logic/schemas/2016-06-01/workflowdefinition.json#",
      "contentVersion": "1.0.0.0",
      "parameters": {
        "$authentication": {
          "defaultValue": {},
          "type": "SecureObject"
        }
      },
      "triggers": {
        "manual": {
          "type": "Request",
          "kind": "Http",
          "inputs": {
            "schema": {
              "type": "object",
              "properties": {
                "analytics_access_token_url": {
                  "type": "string"
                },
                "analytics_clientid": {
                  "type": "string"
                },
                "analytics_clientsecret": {
                  "type": "string"
                },
                "fiscalyear_agency_api_url": {
                  "type": "string"
                },
                "agency_id": {
                  "type": "string"
                }
              }
            }
          }
        }
      },
      "actions": {
        "Parse_JSON": {
          "runAfter": {},
          "type": "ParseJson",
          "inputs": {
            "content": "@triggerBody()",
            "schema": {
              "type": "object",
              "properties": {
                "analytics_access_token_url": {
                  "type": "string"
                },
                "analytics_clientid": {
                  "type": "string"
                },
                "analytics_clientsecret": {
                  "type": "string"
                },
                "fiscalyear_agency_api_url": {
                  "type": "string"
                },
                "agency_id": {
                  "type": "string"
                }
              }
            }
          }
        },
        "isError": {
          "runAfter": {
            "Parse_JSON": [
              "Succeeded"
            ]
          },
          "type": "InitializeVariable",
          "inputs": {
            "variables": [
              {
                "name": "isError",
                "type": "string"
              }
            ]
          }
        },
        "Get_Token": {
          "runAfter": {
            "isError": [
              "Succeeded"
            ]
          },
          "type": "Http",
          "inputs": {
            "method": "POST",
            "uri": "@{body('Parse_JSON')?['analytics_access_token_url']}username=@{body('Parse_JSON')?['analytics_clientid']}&password=@{body('Parse_JSON')?['analytics_clientsecret']}&grant_type=password&client_id=@{body('Parse_JSON')?['analytics_clientid']}&client_secret=@{body('Parse_JSON')?['analytics_clientsecret']}",
            "headers": {
              "Content-Type": "application/json"
            }
          }
        },
        "Parse_JSON_2": {
          "runAfter": {
            "Get_Token": [
              "Succeeded"
            ]
          },
          "type": "ParseJson",
          "inputs": {
            "content": "@body('Get_Token')",
            "schema": {
              "type": "object",
              "properties": {
                "access_token": {
                  "type": "string"
                },
                "token_type": {
                  "type": "string"
                },
                "expires_in": {
                  "type": "integer"
                },
                "scope": {
                  "type": "string"
                }
              }
            }
          }
        },
        "Compose": {
          "runAfter": {
            "Parse_JSON_2": [
              "Succeeded"
            ]
          },
          "type": "Compose",
          "inputs": "@body('Parse_JSON_2')?['access_token']"
        },
        "Try": {
          "actions": {
            "HTTP_Fiscal_Year_Agency_API": {
              "runAfter": {},
              "type": "Http",
              "inputs": {
                "method": "POST",
                "uri": "@{body('Parse_JSON')?['fiscalyear_agency_api_url']}&access_token=@{outputs('Compose')}",
                "headers": {
                  "Content Type": "application/json"
                },
                "body": {
                  "tier": [
                    "toptier",
                    "subtier"
                  ],
                  "agency_id": "@body('Parse_JSON')?['agency_id']",
                  "type": "funding",
                  "timePeriod": "FiscalYear"
                }
              }
            },
            "Parse_JSON_3": {
              "runAfter": {
                "HTTP_Fiscal_Year_Agency_API": [
                  "Succeeded"
                ]
              },
              "type": "ParseJson",
              "inputs": {
                "content": "@body('HTTP_Fiscal_Year_Agency_API')",
                "schema": {
                  "type": "object",
                  "properties": {
                    "statusCode": {
                      "type": "string"
                    },
                    "status": {
                      "type": "string"
                    },
                    "message": {},
                    "data": {},
                    "dataList": {
                      "type": "array",
                      "items": {
                        "type": "object",
                        "properties": {
                          "fiscalYear": {
                            "type": "string"
                          },
                          "agencyId": {
                            "type": "integer"
                          },
                          "agencyName": {
                            "type": "string"
                          },
                          "type": {
                            "type": "string"
                          },
                          "tier": {
                            "type": "string"
                          },
                          "tmLastUpdatedDate": {
                            "type": "string"
                          },
                          "aggregatedAmount": {
                            "type": "number"
                          }
                        }
                      }
                    }
                  }
                }
              }
            },
            "Response": {
              "runAfter": {
                "Parse_JSON_3": [
                  "Succeeded"
                ]
              },
              "type": "Response",
              "kind": "Http",
              "inputs": {
                "statusCode": 200,
                "body": "@body('Parse_JSON_3')"
              }
            }
          },
          "runAfter": {
            "Compose": [
              "Succeeded"
            ]
          },
          "type": "Scope"
        },
        "Catch": {
          "actions": {
            "Set_isError": {
              "runAfter": {},
              "type": "SetVariable",
              "inputs": {
                "name": "isError",
                "value": "fiscal year agency records not found"
              }
            },
            "Response_2": {
              "runAfter": {
                "Set_isError": [
                  "Succeeded"
                ]
              },
              "type": "Response",
              "kind": "Http",
              "inputs": {
                "statusCode": 200,
                "body": "@variables('isError')"
              }
            }
          },
          "runAfter": {
            "Try": [
              "Failed",
              "TimedOut"
            ]
          },
          "type": "Scope"
        }
      }
    }
  },
  "schemaVersion": "1.0.0.0"
}