{
  "properties": {
    "connectionReferences": {},
    "definition": {
      "$schema": "https://schema.management.azure.com/providers/Microsoft.Logic/schemas/2016-06-01/workflowdefinition.json#",
      "contentVersion": "1.0.0.0",
      "parameters": {
        "$authentication": {
          "defaultValue": {},
          "type": "SecureObject"
        }
      },
      "triggers": {
        "manual": {
          "type": "Request",
          "kind": "Http",
          "inputs": {
            "schema": {
              "type": "object",
              "properties": {
                "analytics_access_token_url": {
                  "type": "string"
                },
                "analytics_clientid": {
                  "type": "string"
                },
                "analytics_clientsecret": {
                  "type": "string"
                },
                "vendors_api_url": {
                  "type": "string"
                },
                "param": {
                  "type": "string"
                },
                "state": {
                  "type": "array",
                  "items": {
                    "type": "string"
                  }
                },
                "parentId": {
                  "type": "string"
                },
                "topLevel": {
                  "type": "boolean"
                },
                "orphans": {
                  "type": "boolean"
                }
              }
            }
          }
        }
      },
      "actions": {
        "Parse_JSON": {
          "runAfter": {},
          "type": "ParseJson",
          "inputs": {
            "content": "@triggerBody()",
            "schema": {
              "type": "object",
              "properties": {
                "analytics_access_token_url": {
                  "type": "string"
                },
                "analytics_clientid": {
                  "type": "string"
                },
                "analytics_clientsecret": {
                  "type": "string"
                },
                "vendors_api_url": {
                  "type": "string"
                },
                "param": {
                  "type": "string"
                },
                "state": {
                  "type": "array",
                  "items": {
                    "type": "string"
                  }
                },
                "parentId": {
                  "type": "string"
                },
                "topLevel": {
                  "type": "boolean"
                },
                "orphans": {
                  "type": "boolean"
                }
              }
            }
          }
        },
        "isError": {
          "runAfter": {
            "Parse_JSON": [
              "Succeeded"
            ]
          },
          "type": "InitializeVariable",
          "inputs": {
            "variables": [
              {
                "name": "isError",
                "type": "string"
              }
            ]
          }
        },
        "Get_Token": {
          "runAfter": {
            "isError": [
              "Succeeded"
            ]
          },
          "type": "Http",
          "inputs": {
            "method": "POST",
            "uri": "@{body('Parse_JSON')?['analytics_access_token_url']}username=@{body('Parse_JSON')?['analytics_clientid']}&password=@{body('Parse_JSON')?['analytics_clientsecret']}&grant_type=password&client_id=@{body('Parse_JSON')?['analytics_clientid']}&client_secret=@{body('Parse_JSON')?['analytics_clientsecret']}",
            "headers": {
              "Content-Type": "application/json"
            }
          }
        },
        "Parse_JSON_2": {
          "runAfter": {
            "Get_Token": [
              "Succeeded"
            ]
          },
          "type": "ParseJson",
          "inputs": {
            "content": "@body('Get_Token')",
            "schema": {
              "type": "object",
              "properties": {
                "access_token": {
                  "type": "string"
                },
                "token_type": {
                  "type": "string"
                },
                "expires_in": {
                  "type": "integer"
                },
                "scope": {
                  "type": "string"
                }
              }
            }
          }
        },
        "Compose": {
          "runAfter": {
            "Parse_JSON_2": [
              "Succeeded"
            ]
          },
          "type": "Compose",
          "inputs": "@body('Parse_JSON_2')?['access_token']"
        },
        "Try": {
          "actions": {
            "HTTP_Vendors_API": {
              "runAfter": {},
              "type": "Http",
              "inputs": {
                "method": "POST",
                "uri": "@{body('Parse_JSON')?['vendors_api_url']}&access_token=@{outputs('Compose')}",
                "headers": {
                  "Content Type": "application/json"
                },
                "body": {
                  "param": "@body('Parse_JSON')?['param']",
                  "state": "@body('Parse_JSON')?['state']",
                  "parentId": "@body('Parse_JSON')?['parentId']",
                  "topLevel": "@body('Parse_JSON')?['topLevel']",
                  "orphans": "@body('Parse_JSON')?['orphans']"
                }
              }
            },
            "Parse_JSON_3": {
              "runAfter": {
                "HTTP_Vendors_API": [
                  "Succeeded"
                ]
              },
              "type": "ParseJson",
              "inputs": {
                "content": "@body('HTTP_Vendors_API')",
                "schema": {
                  "type": "object",
                  "properties": {
                    "statusCode": {
                      "type": "string"
                    },
                    "status": {
                      "type": "string"
                    },
                    "message": {},
                    "data": {
                      "type": "object",
                      "properties": {
                        "pagination": {
                          "type": "object",
                          "properties": {
                            "number": {
                              "type": "integer"
                            },
                            "size": {
                              "type": "integer"
                            },
                            "totalPages": {
                              "type": "integer"
                            },
                            "totalElements": {
                              "type": "integer"
                            }
                          }
                        },
                        "vendorDTOS": {
                          "type": "array",
                          "items": {
                            "type": "object",
                            "properties": {
                              "recipient_id": {
                                "type": "string"
                              },
                              "total_transactions": {
                                "type": "integer"
                              },
                              "recipient_level": {
                                "type": "string"
                              },
                              "total_transaction_amount": {
                                "type": "number"
                              },
                              "name": {
                                "type": "string"
                              },
                              "duns": {
                                "type": "string"
                              },
                              "location": {
                                "type": "object",
                                "properties": {
                                  "congressional_code": {
                                    "type": "string"
                                  },
                                  "address_line1": {
                                    "type": "string"
                                  },
                                  "country_code": {
                                    "type": "string"
                                  },
                                  "state_code": {
                                    "type": "string"
                                  },
                                  "zip4": {
                                    "type": "string"
                                  },
                                  "country_name": {
                                    "type": "string"
                                  },
                                  "city_name": {
                                    "type": "string"
                                  },
                                  "zip": {
                                    "type": "string"
                                  }
                                }
                              },
                              "business_types": {
                                "type": "array",
                                "items": {
                                  "type": "string"
                                }
                              },
                              "parents": {
                                "type": "array",
                                "items": {
                                  "type": "object",
                                  "properties": {
                                    "parent_id": {
                                      "type": "string"
                                    },
                                    "parent_duns": {
                                      "type": "string"
                                    },
                                    "parent_name": {
                                      "type": "string"
                                    }
                                  },
                                  "required": [
                                    "parent_id",
                                    "parent_duns",
                                    "parent_name"
                                  ]
                                }
                              },
                              "parent_id": {
                                "type": "string"
                              },
                              "parent_duns": {
                                "type": "string"
                              },
                              "parent_name": {
                                "type": "string"
                              },
                              "has_children": {
                                "type": "boolean"
                              }
                            }
                          }
                        }
                      }
                    },
                    "dataList": {
                      "type": "array"
                    }
                  }
                }
              }
            },
            "Response": {
              "runAfter": {
                "Parse_JSON_3": [
                  "Succeeded"
                ]
              },
              "type": "Response",
              "kind": "Http",
              "inputs": {
                "statusCode": 200,
                "body": "@body('Parse_JSON_3')"
              }
            }
          },
          "runAfter": {
            "Compose": [
              "Succeeded"
            ]
          },
          "type": "Scope"
        },
        "Catch": {
          "actions": {
            "Set_isError": {
              "runAfter": {},
              "type": "SetVariable",
              "inputs": {
                "name": "isError",
                "value": "vendor record not found"
              }
            },
            "Response_2": {
              "runAfter": {
                "Set_isError": [
                  "Succeeded"
                ]
              },
              "type": "Response",
              "kind": "Http",
              "inputs": {
                "statusCode": 200,
                "body": "@variables('isError')"
              }
            }
          },
          "runAfter": {
            "Try": [
              "Failed",
              "TimedOut"
            ]
          },
          "type": "Scope"
        }
      }
    }
  },
  "schemaVersion": "1.0.0.0"
}