{
  "properties": {
    "connectionReferences": {},
    "definition": {
      "$schema": "https://schema.management.azure.com/providers/Microsoft.Logic/schemas/2016-06-01/workflowdefinition.json#",
      "contentVersion": "1.0.0.0",
      "parameters": {
        "$authentication": {
          "defaultValue": {},
          "type": "SecureObject"
        }
      },
      "triggers": {
        "manual": {
          "type": "Request",
          "kind": "Http",
          "inputs": {
            "schema": {
              "type": "object",
              "properties": {
                "analytics_access_token_url": {
                  "type": "string"
                },
                "analytics_clientid": {
                  "type": "string"
                },
                "analytics_clientsecret": {
                  "type": "string"
                },
                "vendor_duns_api_url": {
                  "type": "string"
                },
                "vendor_duns_number": {
                  "type": "string"
                }
              }
            }
          }
        }
      },
      "actions": {
        "Parse_JSON": {
          "runAfter": {},
          "type": "ParseJson",
          "inputs": {
            "content": "@triggerBody()",
            "schema": {
              "type": "object",
              "properties": {
                "analytics_access_token_url": {
                  "type": "string"
                },
                "analytics_clientid": {
                  "type": "string"
                },
                "analytics_clientsecret": {
                  "type": "string"
                },
                "vendor_duns_api_url": {
                  "type": "string"
                },
                "vendor_duns_number": {
                  "type": "string"
                }
              }
            }
          }
        },
        "isError": {
          "runAfter": {
            "Parse_JSON": [
              "Succeeded"
            ]
          },
          "type": "InitializeVariable",
          "inputs": {
            "variables": [
              {
                "name": "isError",
                "type": "string"
              }
            ]
          }
        },
        "Get_Token": {
          "runAfter": {
            "isError": [
              "Succeeded"
            ]
          },
          "type": "Http",
          "inputs": {
            "method": "POST",
            "uri": "@{body('Parse_JSON')?['analytics_access_token_url']}username=@{body('Parse_JSON')?['analytics_clientid']}&password=@{body('Parse_JSON')?['analytics_clientsecret']}&grant_type=password&client_id=@{body('Parse_JSON')?['analytics_clientid']}&client_secret=@{body('Parse_JSON')?['analytics_clientsecret']}",
            "headers": {
              "Content-Type": "application/json"
            }
          }
        },
        "Parse_JSON_2": {
          "runAfter": {
            "Get_Token": [
              "Succeeded"
            ]
          },
          "type": "ParseJson",
          "inputs": {
            "content": "@body('Get_Token')",
            "schema": {
              "type": "object",
              "properties": {
                "access_token": {
                  "type": "string"
                },
                "token_type": {
                  "type": "string"
                },
                "expires_in": {
                  "type": "integer"
                },
                "scope": {
                  "type": "string"
                }
              }
            }
          }
        },
        "Compose": {
          "runAfter": {
            "Parse_JSON_2": [
              "Succeeded"
            ]
          },
          "type": "Compose",
          "inputs": "@body('Parse_JSON_2')?['access_token']"
        },
        "Try": {
          "actions": {
            "HTTP_Vendor_Duns_API": {
              "runAfter": {},
              "type": "Http",
              "inputs": {
                "method": "POST",
                "uri": "@{body('Parse_JSON')?['vendor_duns_api_url']}@{body('Parse_JSON')?['vendor_duns_number']}",
                "headers": {
                  "Content Type": "application/json"
                },
                "body": {
                  "children": true,
                  "orphans": true,
                  "siblings": true
                }
              }
            },
            "Parse_JSON_3": {
              "runAfter": {
                "HTTP_Vendor_Duns_API": [
                  "Succeeded"
                ]
              },
              "type": "ParseJson",
              "inputs": {
                "content": "@body('HTTP_Vendor_Duns_API')",
                "schema": {
                  "type": "object",
                  "properties": {
                    "totalTransactions": {
                      "type": "integer"
                    },
                    "recipientLevel": {
                      "type": "string"
                    },
                    "totalTransactionAmount": {
                      "type": "number"
                    },
                    "recipientId": {
                      "type": "string"
                    },
                    "parentId": {
                      "type": "string"
                    },
                    "parentDuns": {
                      "type": "string"
                    },
                    "name": {
                      "type": "string"
                    },
                    "parentName": {
                      "type": "string"
                    },
                    "duns": {
                      "type": "string"
                    },
                    "cageCode": {
                      "type": "string"
                    },
                    "location": {
                      "type": "object",
                      "properties": {
                        "address_line1": {
                          "type": "string"
                        },
                        "country_code": {
                          "type": "string"
                        },
                        "country_name": {
                          "type": "string"
                        },
                        "city_name": {
                          "type": "string"
                        },
                        "zip": {
                          "type": "string"
                        }
                      }
                    },
                    "businessTypes": {
                      "type": "array",
                      "items": {
                        "type": "string"
                      }
                    },
                    "parents": {
                      "type": "array",
                      "items": {
                        "type": "object",
                        "properties": {
                          "parent_id": {
                            "type": "string"
                          },
                          "parent_duns": {
                            "type": "string"
                          },
                          "parent_name": {
                            "type": "string"
                          }
                        }
                      }
                    },
                    "vendorsContractsCount": {
                      "type": "integer"
                    },
                    "defaultDisplay": {
                      "type": "integer"
                    },
                    "vendorsContractsDollar": {
                      "type": "number"
                    },
                    "vendorsTaskordersCount": {
                      "type": "integer"
                    },
                    "vendorsTaskordersDollar": {
                      "type": "number"
                    },
                    "vendorsAwardsCount": {
                      "type": "integer"
                    },
                    "vendorsAwardsDollar": {
                      "type": "number"
                    },
                    "vendorsSubcontractorsCount": {
                      "type": "integer"
                    },
                    "vendorsSubcontractorsDollar": {
                      "type": "number"
                    },
                    "children": {
                      "type": "array",
                      "items": {
                        "type": "object",
                        "properties": {
                          "total_transactions": {
                            "type": "integer"
                          },
                          "recipient_level": {
                            "type": "string"
                          },
                          "total_transaction_amount": {
                            "type": "integer"
                          },
                          "recipient_id": {
                            "type": "string"
                          },
                          "parent_id": {
                            "type": "string"
                          },
                          "parent_duns": {
                            "type": "string"
                          },
                          "name": {
                            "type": "string"
                          },
                          "parent_name": {
                            "type": "string"
                          },
                          "duns": {
                            "type": "string"
                          },
                          "location": {
                            "type": "object",
                            "properties": {
                              "congressional_code": {
                                "type": "string"
                              },
                              "address_line1": {
                                "type": "string"
                              },
                              "country_code": {
                                "type": "string"
                              },
                              "state_code": {
                                "type": "string"
                              },
                              "country_name": {
                                "type": "string"
                              },
                              "city_name": {
                                "type": "string"
                              },
                              "zip": {
                                "type": "string"
                              }
                            }
                          },
                          "business_types": {
                            "type": "array",
                            "items": {
                              "type": "string"
                            }
                          },
                          "parents": {
                            "type": "array",
                            "items": {
                              "type": "object",
                              "properties": {
                                "parent_id": {
                                  "type": "string"
                                },
                                "parent_duns": {
                                  "type": "string"
                                },
                                "parent_name": {
                                  "type": "string"
                                }
                              }
                            }
                          },
                          "last_updated_date": {
                            "type": "string"
                          },
                          "vendors_contracts_count": {
                            "type": "integer"
                          },
                          "default_display": {
                            "type": "integer"
                          },
                          "vendors_contracts_dollar": {
                            "type": "integer"
                          },
                          "vendors_taskorders_count": {
                            "type": "integer"
                          },
                          "vendors_taskorders_dollar": {
                            "type": "integer"
                          },
                          "vendors_awards_count": {
                            "type": "integer"
                          },
                          "vendors_awards_dollar": {
                            "type": "integer"
                          },
                          "vendors_subcontractors_count": {
                            "type": "integer"
                          },
                          "vendors_subcontractors_dollar": {
                            "type": "integer"
                          },
                          "vendor_technomile_id": {
                            "type": "integer"
                          },
                          "cageCode": {
                            "type": "string"
                          }
                        }
                      }
                    }
                  }
                }
              }
            },
            "Response": {
              "runAfter": {
                "Parse_JSON_3": [
                  "Succeeded"
                ]
              },
              "type": "Response",
              "kind": "Http",
              "inputs": {
                "statusCode": 200,
                "body": "@body('Parse_JSON_3')"
              }
            }
          },
          "runAfter": {
            "Compose": [
              "Succeeded"
            ]
          },
          "type": "Scope"
        },
        "Catch": {
          "actions": {
            "Set_isError": {
              "runAfter": {},
              "type": "SetVariable",
              "inputs": {
                "name": "isError",
                "value": "vendor hierarchy record not found"
              }
            },
            "Response_2": {
              "runAfter": {
                "Set_isError": [
                  "Succeeded"
                ]
              },
              "type": "Response",
              "kind": "Http",
              "inputs": {
                "statusCode": 200,
                "body": "@variables('isError')"
              }
            }
          },
          "runAfter": {
            "Try": [
              "Failed",
              "TimedOut"
            ]
          },
          "type": "Scope"
        }
      }
    }
  },
  "schemaVersion": "1.0.0.0"
}