<ImportExportXml xmlns:xsi="http://www.w3.org/2001/XMLSchema-instance">
  <Entities>
    <Entity>
      <Name LocalizedName="SAM.Gov Connector" OriginalName="SAM.Gov Connector">fbo_fbo_connector</Name>
      <EntityInfo>
        <entity Name="fbo_fbo_connector">
          <attributes>
            <attribute PhysicalName="fbo_username">
              <Type>nvarchar</Type>
              <Name>fbo_username</Name>
              <LogicalName>fbo_username</LogicalName>
              <RequiredLevel>none</RequiredLevel>
              <DisplayMask>ValidForAdvancedFind|ValidForForm|ValidForGrid</DisplayMask>
              <ImeMode>auto</ImeMode>
              <ValidForUpdateApi>1</ValidForUpdateApi>
              <ValidForReadApi>1</ValidForReadApi>
              <ValidForCreateApi>1</ValidForCreateApi>
              <IsCustomField>1</IsCustomField>
              <IsAuditEnabled>1</IsAuditEnabled>
              <IsSecured>0</IsSecured>
              <IntroducedVersion>1.0</IntroducedVersion>
              <IsCustomizable>1</IsCustomizable>
              <IsRenameable>1</IsRenameable>
              <CanModifySearchSettings>1</CanModifySearchSettings>
              <CanModifyRequirementLevelSettings>1</CanModifyRequirementLevelSettings>
              <CanModifyAdditionalSettings>1</CanModifyAdditionalSettings>
              <SourceType>0</SourceType>
              <IsGlobalFilterEnabled>0</IsGlobalFilterEnabled>
              <IsSortableEnabled>0</IsSortableEnabled>
              <CanModifyGlobalFilterSettings>1</CanModifyGlobalFilterSettings>
              <CanModifyIsSortableSettings>1</CanModifyIsSortableSettings>
              <IsDataSourceSecret>0</IsDataSourceSecret>
              <AutoNumberFormat></AutoNumberFormat>
              <IsSearchable>0</IsSearchable>
              <IsFilterable>0</IsFilterable>
              <IsRetrievable>0</IsRetrievable>
              <IsLocalizable>0</IsLocalizable>
              <Format>text</Format>
              <MaxLength>100</MaxLength>
              <Length>200</Length>
              <displaynames>
                <displayname description="Attachment API" languagecode="1033" />
              </displaynames>
              <Descriptions>
                <Description description="Attachment /Link URL for SAM.GOV" languagecode="1033" />
              </Descriptions>
            </attribute>
          </attributes>
        </entity>
      </EntityInfo>
      <FormXml>
        <forms type="main">
          <systemform>
            <formid>{d54d9c3e-968c-4032-b7fd-5ad4f82f3c74}</formid>
            <IntroducedVersion>1.0</IntroducedVersion>
            <FormPresentation>1</FormPresentation>
            <FormActivationState>1</FormActivationState>
            <form>
              <tabs>
                <tab verticallayout="true" id="{68be0918-a35e-4b6a-a4cb-93421fbe66e9}" IsUserDefined="1">
                  <labels>
                    <label description="General" languagecode="1033" />
                  </labels>
                  <columns>
                    <column width="100%">
                      <sections>
                        <section showlabel="false" showbar="false" IsUserDefined="0" id="{df7d1bb7-eafe-4702-80b9-32a2bbe8be62}">
                          <labels>
                            <label description="General" languagecode="1033" />
                          </labels>
                          <rows>
                            <row>
                              <cell id="{b785edb1-d414-428d-8fdc-7fec24b20f32}">
                                <labels>
                                  <label description="Name" languagecode="1033" />
                                </labels>
                                <control id="fbo_name" classid="{4273EDBD-AC1D-40d3-9FB2-095C621B552D}" datafieldname="fbo_name" />
                              </cell>
                            </row>
                            <row>
                              <cell id="{b56d2f16-e179-4587-849f-bd3600be09d5}" showlabel="false" locklevel="1" visible="false">
                                <labels>
                                  <label description="Owner" languagecode="1033" />
                                </labels>
                                <control id="ownerid" classid="{270BD3DB-D9AF-4782-9025-509E298DEC0A}" datafieldname="ownerid" uniqueid="{339592a2-3a8c-cd57-9ee6-68b7ad1dc1a3}" disabled="false">
                                  <parameters>
                                    <AutoResolve>true</AutoResolve>
                                    <DisableMru>false</DisableMru>
                                  </parameters>
                                </control>
                              </cell>
                            </row>
                            <row>
                              <cell id="{48c1c497-bbec-8752-1ce0-484348399e43}" showlabel="true" locklevel="0">
                                <labels>
                                  <label description="API URL" languagecode="1033" />
                                </labels>
                                <control id="fbo_fboapiurl" classid="{E0DECE4B-6FC8-4a8f-A065-082708572369}" datafieldname="fbo_fboapiurl" disabled="false" uniqueid="{e0ad34aa-9bd4-938e-3ada-2195b0e53a7a}" />
                              </cell>
                            </row>
                            <row>
                              <cell id="{3e7ecb26-0a53-9b9c-9a0c-56848e001764}" showlabel="true" locklevel="0">
                                <labels>
                                  <label description="API Key" languagecode="1033" />
                                </labels>
                                <control id="fbo_api_key" classid="{4273EDBD-AC1D-40d3-9FB2-095C621B552D}" datafieldname="fbo_api_key" disabled="false" />
                              </cell>
                            </row>
                            <row>
                              <cell id="{04932ae3-72ea-a210-d25d-4ad88ebd0a9d}" showlabel="true" locklevel="0">
                                <labels>
                                  <label description="Attachment API" languagecode="1033" />
                                </labels>
                                <control id="fbo_username" classid="{4273EDBD-AC1D-40d3-9FB2-095C621B552D}" datafieldname="fbo_username" disabled="false" uniqueid="{e1e95de0-9eb3-d01d-a11e-29b998b6cc11}" />
                              </cell>
                            </row>
                            <row>
                              <cell id="{1b5573eb-127c-3491-ce6a-055573dd73b7}" showlabel="true" locklevel="0">
                                <labels>
                                  <label description="Password" languagecode="1033" />
                                </labels>
                                <control id="fbo_password" classid="{4273EDBD-AC1D-40d3-9FB2-095C621B552D}" datafieldname="fbo_password" disabled="false" />
                              </cell>
                            </row>
                            <row>
                              <cell id="{d932c0a6-dcbe-d829-9887-3c8d10ab5011}" showlabel="true" locklevel="0">
                                <labels>
                                  <label description="Posted Days" languagecode="1033" />
                                </labels>
                                <control id="fbo_posteddays" classid="{C6D124CA-7EDA-4a60-AEA9-7FB8D318B68F}" datafieldname="fbo_posteddays" disabled="false" uniqueid="{197c9cc8-e239-3d41-2c20-d12c810d7294}" />
                              </cell>
                            </row>
                            <row>
                              <cell id="{53b3ae97-55aa-621e-65b8-95a029aa4409}" showlabel="true" locklevel="0">
                                <labels>
                                  <label description="Api  Status" languagecode="1033" />
                                </labels>
                                <control id="fbo_apifailedstatus" classid="{4273EDBD-AC1D-40d3-9FB2-095C621B552D}" datafieldname="fbo_apifailedstatus" disabled="false" uniqueid="{ed215804-4b38-5461-06b0-a1b1b9192456}" />
                              </cell>
                            </row>
                          </rows>
                        </section>
                        <section name="{68be0918-a35e-4b6a-a4cb-93421fbe66e9}_section_3" showlabel="true" showbar="false" locklevel="0" id="{8e03a382-81db-3b6c-28da-0cb2770d6b73}" IsUserDefined="0" layout="varwidth" columns="1" labelwidth="115" celllabelalignment="Left" celllabelposition="Left">
                          <labels>
                            <label description="Email Notification" languagecode="1033" />
                          </labels>
                          <rows>
                            <row>
                              <cell id="{60c4388a-d157-ca78-eb63-6761743866ab}" showlabel="true" locklevel="0">
                                <labels>
                                  <label description="Mailbox User" languagecode="1033" />
                                </labels>
                                <control id="fbo_mailboxuser" classid="{270BD3DB-D9AF-4782-9025-509E298DEC0A}" datafieldname="fbo_mailboxuser" disabled="false" />
                              </cell>
                            </row>
                            <row>
                              <cell id="{e40c2043-0147-3259-140d-7aae4b4b4deb}" showlabel="true" locklevel="0">
                                <labels>
                                  <label description="Recipient 1" languagecode="1033" />
                                </labels>
                                <control id="fbo_recipient1" classid="{270BD3DB-D9AF-4782-9025-509E298DEC0A}" datafieldname="fbo_recipient1" disabled="false" uniqueid="{c0bb19d4-67a1-40a7-d347-db394e1d6996}" />
                              </cell>
                            </row>
                            <row>
                              <cell id="{b493bdba-443c-7b89-1021-4b757903422e}" showlabel="true" locklevel="0">
                                <labels>
                                  <label description="Recipient 2" languagecode="1033" />
                                </labels>
                                <control id="fbo_recipient2" classid="{270BD3DB-D9AF-4782-9025-509E298DEC0A}" datafieldname="fbo_recipient2" disabled="false" />
                              </cell>
                            </row>
                            <row>
                              <cell id="{6d754759-e331-ab60-c768-5e8207b50a5b}" showlabel="true" locklevel="0">
                                <labels>
                                  <label description="Recipient 3" languagecode="1033" />
                                </labels>
                                <control id="fbo_recipient3" classid="{270BD3DB-D9AF-4782-9025-509E298DEC0A}" datafieldname="fbo_recipient3" disabled="false" />
                              </cell>
                            </row>
                            <row>
                              <cell id="{3109cbc7-4122-4282-5302-3e4c6064a034}" showlabel="true" locklevel="0">
                                <labels>
                                  <label description="Subject" languagecode="1033" />
                                </labels>
                                <control id="fbo_subject" classid="{4273EDBD-AC1D-40d3-9FB2-095C621B552D}" datafieldname="fbo_subject" disabled="false" uniqueid="{6e09632d-2e2b-7d60-d1c6-347211e92e7b}" />
                              </cell>
                            </row>
                            <row>
                              <cell id="{1a0eaec3-6971-62c2-7339-d0889678ec61}" showlabel="true" locklevel="0" rowspan="4">
                                <labels>
                                  <label description="Email Body" languagecode="1033" />
                                </labels>
                                <control id="fbo_emailbody" classid="{E0DECE4B-6FC8-4a8f-A065-082708572369}" datafieldname="fbo_emailbody" disabled="false" uniqueid="{05164860-899e-a511-c0ac-0d22a6d9aeb3}" />
                              </cell>
                            </row>
                            <row />
                            <row />
                            <row />
                            <row>
                              <cell id="{79673d03-c84b-8482-8618-9233a130cb3b}" showlabel="true" locklevel="0">
                                <labels>
                                  <label description="Email Sent Date" languagecode="1033" />
                                </labels>
                                <control id="fbo_emailsentdate" classid="{5B773807-9FB2-42db-97C3-7A91EFF8ADFF}" datafieldname="fbo_emailsentdate" disabled="false" uniqueid="{9be0e4b4-d1ad-6065-9c77-eae2867b35be}" />
                              </cell>
                            </row>
                          </rows>
                        </section>
                      </sections>
                    </column>
                  </columns>
                </tab>
              </tabs>
              <Navigation>
                <NavBar></NavBar>
                <NavBarAreas>
                  <NavBarArea Id="Info">
                    <Titles>
                      <Title LCID="1033" Text="Common" />
                    </Titles>
                  </NavBarArea>
                  <NavBarArea Id="Sales">
                    <Titles>
                      <Title LCID="1033" Text="Sales" />
                    </Titles>
                  </NavBarArea>
                  <NavBarArea Id="Service">
                    <Titles>
                      <Title LCID="1033" Text="Service" />
                    </Titles>
                  </NavBarArea>
                  <NavBarArea Id="Marketing">
                    <Titles>
                      <Title LCID="1033" Text="Marketing" />
                    </Titles>
                  </NavBarArea>
                  <NavBarArea Id="ProcessCenter">
                    <Titles>
                      <Title LCID="1033" Text="Process Sessions" />
                    </Titles>
                  </NavBarArea>
                </NavBarAreas>
              </Navigation>
              <controlDescriptions />
            </form>
            <IsCustomizable>1</IsCustomizable>
            <CanBeDeleted>1</CanBeDeleted>
            <LocalizedNames>
              <LocalizedName description="Information" languagecode="1033" />
            </LocalizedNames>
            <Descriptions>
              <Description description="A form for this entity." languagecode="1033" />
            </Descriptions>
          </systemform>
        </forms>
      </FormXml>
      <RibbonDiffXml>
        <CustomActions />
        <Templates>
          <RibbonTemplates Id="Mscrm.Templates"></RibbonTemplates>
        </Templates>
        <CommandDefinitions />
        <RuleDefinitions>
          <TabDisplayRules />
          <DisplayRules />
          <EnableRules />
        </RuleDefinitions>
        <LocLabels />
      </RibbonDiffXml>
    </Entity>
  </Entities>
  <Roles></Roles>
  <Workflows></Workflows>
  <FieldSecurityProfiles></FieldSecurityProfiles>
  <Templates />
  <EntityMaps />
  <EntityRelationships />
  <OrganizationSettings />
  <optionsets />
  <WebResources>
    <WebResource>
      <WebResourceId>{db16ba44-a28e-ea11-a811-000d3a1b88d8}</WebResourceId>
      <Name>sam_SAM.Gov.js</Name>
      <DisplayName>SAM.Gov.js</DisplayName>
      <LanguageCode>1033</LanguageCode>
      <WebResourceType>3</WebResourceType>
      <IntroducedVersion>2020.1.0.0</IntroducedVersion>
      <IsEnabledForMobileClient>0</IsEnabledForMobileClient>
      <IsAvailableForMobileOffline>0</IsAvailableForMobileOffline>
      <DependencyXml>&lt;Dependencies&gt;&lt;Dependency componentType="WebResource"/&gt;&lt;/Dependencies&gt;</DependencyXml>
      <IsCustomizable>1</IsCustomizable>
      <CanBeDeleted>1</CanBeDeleted>
      <IsHidden>0</IsHidden>
      <FileName>/WebResources/sam_SAMGovjsDB16BA44-A28E-EA11-A811-000D3A1B88D8</FileName>
    </WebResource>
    <WebResource>
      <WebResourceId>{c27c062c-de1b-ea11-a811-000d3a591550}</WebResourceId>
      <Name>fedcap_SAM.Gov.html</Name>
      <DisplayName>SAM.Gov.html</DisplayName>
      <WebResourceType>1</WebResourceType>
      <IntroducedVersion>2.0.0.0</IntroducedVersion>
      <IsEnabledForMobileClient>1</IsEnabledForMobileClient>
      <IsAvailableForMobileOffline>0</IsAvailableForMobileOffline>
      <DependencyXml>&lt;Dependencies&gt;&lt;Dependency componentType="WebResource"/&gt;&lt;/Dependencies&gt;</DependencyXml>
      <IsCustomizable>1</IsCustomizable>
      <CanBeDeleted>1</CanBeDeleted>
      <IsHidden>0</IsHidden>
      <FileName>/WebResources/fedcap_SAMGovhtmlC27C062C-DE1B-EA11-A811-000D3A591550</FileName>
    </WebResource>
  </WebResources>
  <CustomControls />
  <SolutionPluginAssemblies>
    <PluginAssembly FullName="SAMConnector, Version=1.0.0.0, Culture=neutral, PublicKeyToken=9b9a4cbaa8baf324" PluginAssemblyId="48737f10-2098-4744-b760-276be970bbb2" CustomizationLevel="1">
      <IsolationMode>2</IsolationMode>
      <SourceType>0</SourceType>
      <IntroducedVersion>1.0</IntroducedVersion>
      <FileName>/PluginAssemblies/SAMConnector-48737F10-2098-4744-B760-276BE970BBB2/SAMConnector.dll</FileName>
      <PluginTypes>
        <PluginType AssemblyQualifiedName="SAMConnector.FBOApiKeyExpiryMail, SAMConnector, Version=1.0.0.0, Culture=neutral, PublicKeyToken=9b9a4cbaa8baf324" PluginTypeId="cd41f920-d36f-45ad-a661-018e49877f30" Name="SAMConnector.FBOApiKeyExpiryMail">
          <FriendlyName>0d01d525-1c43-4f02-a97c-6f914d48b198</FriendlyName>
        </PluginType>
        <PluginType AssemblyQualifiedName="SAMConnector.GetSamFBODetails, SAMConnector, Version=1.0.0.0, Culture=neutral, PublicKeyToken=9b9a4cbaa8baf324" PluginTypeId="5aa30bf9-1894-4dd4-a989-2d7ae3a8ae17" Name="SAMConnector.GetSamFBODetails">
          <FriendlyName>98dac16c-7076-4563-8868-98edc89dd187</FriendlyName>
        </PluginType>
        <PluginType AssemblyQualifiedName="SAMConnector.SamUpdate, SAMConnector, Version=1.0.0.0, Culture=neutral, PublicKeyToken=9b9a4cbaa8baf324" PluginTypeId="d9e915b6-6a54-40ef-bd04-c2a0c3267f6f" Name="SAMConnector.SamUpdate">
          <FriendlyName>348ff23f-04b1-44cf-8e06-3a35c7397051</FriendlyName>
        </PluginType>
      </PluginTypes>
    </PluginAssembly>
  </SolutionPluginAssemblies>
  <EntityDataProviders />
  <Languages>
    <Language>1033</Language>
  </Languages>
</ImportExportXml>