<ImportExportXml version="9.2.22053.146" SolutionPackageVersion="9.2" languagecode="1033" generatedBy="CrmLive" xmlns:xsi="http://www.w3.org/2001/XMLSchema-instance">
  <SolutionManifest>
    <UniqueName>Technomile_Growth_Suite_Sales_App_Capture</UniqueName>
    <LocalizedNames>
      <LocalizedName description="Technomile Growth Suite Sales App Capture" languagecode="1033" />
    </LocalizedNames>
    <Descriptions>
      <Description description="TechnoMile Growth Suite Sales Enterprise App Capture Powered by TechnoMile." languagecode="1033" />
    </Descriptions>
    <Version>2021.5.4.0</Version>
    <Managed>1</Managed>
    <Publisher>
      <UniqueName>tm_growth</UniqueName>
      <LocalizedNames>
        <LocalizedName description="TechnoMile Growth" languagecode="1033" />
      </LocalizedNames>
      <Descriptions>
        <Description description="Technomile Publisher." languagecode="1033" />
      </Descriptions>
      <EMailAddress xsi:nil="true"></EMailAddress>
      <SupportingWebsiteUrl xsi:nil="true"></SupportingWebsiteUrl>
      <CustomizationPrefix>fedcap</CustomizationPrefix>
      <CustomizationOptionValuePrefix>91899</CustomizationOptionValuePrefix>
      <Addresses>
        <Address>
          <AddressNumber>1</AddressNumber>
          <AddressTypeCode>1</AddressTypeCode>
          <City xsi:nil="true"></City>
          <County xsi:nil="true"></County>
          <Country xsi:nil="true"></Country>
          <Fax xsi:nil="true"></Fax>
          <FreightTermsCode xsi:nil="true"></FreightTermsCode>
          <ImportSequenceNumber xsi:nil="true"></ImportSequenceNumber>
          <Latitude xsi:nil="true"></Latitude>
          <Line1 xsi:nil="true"></Line1>
          <Line2 xsi:nil="true"></Line2>
          <Line3 xsi:nil="true"></Line3>
          <Longitude xsi:nil="true"></Longitude>
          <Name xsi:nil="true"></Name>
          <PostalCode xsi:nil="true"></PostalCode>
          <PostOfficeBox xsi:nil="true"></PostOfficeBox>
          <PrimaryContactName xsi:nil="true"></PrimaryContactName>
          <ShippingMethodCode>1</ShippingMethodCode>
          <StateOrProvince xsi:nil="true"></StateOrProvince>
          <Telephone1 xsi:nil="true"></Telephone1>
          <Telephone2 xsi:nil="true"></Telephone2>
          <Telephone3 xsi:nil="true"></Telephone3>
          <TimeZoneRuleVersionNumber xsi:nil="true"></TimeZoneRuleVersionNumber>
          <UPSZone xsi:nil="true"></UPSZone>
          <UTCOffset xsi:nil="true"></UTCOffset>
          <UTCConversionTimeZoneCode xsi:nil="true"></UTCConversionTimeZoneCode>
        </Address>
        <Address>
          <AddressNumber>2</AddressNumber>
          <AddressTypeCode>1</AddressTypeCode>
          <City xsi:nil="true"></City>
          <County xsi:nil="true"></County>
          <Country xsi:nil="true"></Country>
          <Fax xsi:nil="true"></Fax>
          <FreightTermsCode xsi:nil="true"></FreightTermsCode>
          <ImportSequenceNumber xsi:nil="true"></ImportSequenceNumber>
          <Latitude xsi:nil="true"></Latitude>
          <Line1 xsi:nil="true"></Line1>
          <Line2 xsi:nil="true"></Line2>
          <Line3 xsi:nil="true"></Line3>
          <Longitude xsi:nil="true"></Longitude>
          <Name xsi:nil="true"></Name>
          <PostalCode xsi:nil="true"></PostalCode>
          <PostOfficeBox xsi:nil="true"></PostOfficeBox>
          <PrimaryContactName xsi:nil="true"></PrimaryContactName>
          <ShippingMethodCode>1</ShippingMethodCode>
          <StateOrProvince xsi:nil="true"></StateOrProvince>
          <Telephone1 xsi:nil="true"></Telephone1>
          <Telephone2 xsi:nil="true"></Telephone2>
          <Telephone3 xsi:nil="true"></Telephone3>
          <TimeZoneRuleVersionNumber xsi:nil="true"></TimeZoneRuleVersionNumber>
          <UPSZone xsi:nil="true"></UPSZone>
          <UTCOffset xsi:nil="true"></UTCOffset>
          <UTCConversionTimeZoneCode xsi:nil="true"></UTCConversionTimeZoneCode>
        </Address>
      </Addresses>
    </Publisher>
    <RootComponents>
      <RootComponent type="1" schemaName="account" behavior="1" />
      <RootComponent type="1" schemaName="activitypointer" behavior="1" />
      <RootComponent type="1" schemaName="contact" behavior="1" />
      <RootComponent type="1" schemaName="fbo_apikeyexpirymail" behavior="0" />
      <RootComponent type="1" schemaName="fbo_fboattachmentfiles" behavior="0" />
      <RootComponent type="1" schemaName="fbo_fbonotificationtracker" behavior="0" />
      <RootComponent type="1" schemaName="fbo_fbotimeline" behavior="0" />
      <RootComponent type="1" schemaName="fbo_fbo_attachments" behavior="0" />
      <RootComponent type="1" schemaName="fbo_fbo_connector" behavior="0" />
      <RootComponent type="1" schemaName="fbo_updates" behavior="0" />
      <RootComponent type="1" schemaName="fedcap_accountmanagement" behavior="0" />
      <RootComponent type="1" schemaName="fedcap_accountscorecard" behavior="0" />
      <RootComponent type="1" schemaName="fedcap_approvalprocess" behavior="0" />
      <RootComponent type="1" schemaName="fedcap_award" behavior="0" />
      <RootComponent type="1" schemaName="fedcap_calendarconfiguration" behavior="0" />
      <RootComponent type="1" schemaName="fedcap_callplan" behavior="0" />
      <RootComponent type="1" schemaName="fedcap_competitor" behavior="0" />
      <RootComponent type="1" schemaName="fedcap_competitorteam" behavior="0" />
      <RootComponent type="1" schemaName="fedcap_contactrole" behavior="0" />
      <RootComponent type="1" schemaName="fedcap_costpointactual" behavior="0" />
      <RootComponent type="1" schemaName="fedcap_customizefield" behavior="0" />
      <RootComponent type="1" schemaName="fedcap_customizesection" behavior="0" />
      <RootComponent type="1" schemaName="fedcap_customizetab" behavior="0" />
      <RootComponent type="1" schemaName="fedcap_employee" behavior="0" />
      <RootComponent type="1" schemaName="fedcap_expensetype" behavior="0" />
      <RootComponent type="1" schemaName="fedcap_goal" behavior="0" />
      <RootComponent type="1" schemaName="fedcap_governance" behavior="0" />
      <RootComponent type="1" schemaName="fedcap_laborcategories" behavior="0" />
      <RootComponent type="1" schemaName="fedcap_opportunitypgoanswer" behavior="0" />
      <RootComponent type="1" schemaName="fedcap_opportunitypwinanswer" behavior="0" />
      <RootComponent type="1" schemaName="fedcap_opportunitystagehistory" behavior="0" />
      <RootComponent type="1" schemaName="fedcap_opportunityteam" behavior="0" />
      <RootComponent type="1" schemaName="fedcap_partners" behavior="0" />
      <RootComponent type="1" schemaName="fedcap_pastperformance" behavior="0" />
      <RootComponent type="1" schemaName="fedcap_pgoanswer" behavior="0" />
      <RootComponent type="1" schemaName="fedcap_pgoquestion" behavior="0" />
      <RootComponent type="1" schemaName="fedcap_productandofferings" behavior="0" />
      <RootComponent type="1" schemaName="fedcap_pwinanswer" behavior="0" />
      <RootComponent type="1" schemaName="fedcap_pwinquestion" behavior="0" />
      <RootComponent type="1" schemaName="fedcap_revenueprojection" behavior="0" />
      <RootComponent type="1" schemaName="fedcap_risktracking" behavior="0" />
      <RootComponent type="1" schemaName="fedcap_scorecard" behavior="0" />
      <RootComponent type="1" schemaName="fedcap_stagereviewanswers" behavior="0" />
      <RootComponent type="1" schemaName="fedcap_stagereviewquestions" behavior="0" />
      <RootComponent type="1" schemaName="fedcap_swot" behavior="0" />
      <RootComponent type="1" schemaName="fedcap_teamingscorecards" behavior="0" />
      <RootComponent type="1" schemaName="fedcap_technologystack" behavior="0" />
      <RootComponent type="1" schemaName="fedcap_timeline" behavior="0" />
      <RootComponent type="1" schemaName="fedcap_week" behavior="0" />
      <RootComponent type="1" schemaName="fedcap_whitespaceproducts" behavior="0" />
      <RootComponent type="1" schemaName="fedcap_winplanstageduration" behavior="0" />
      <RootComponent type="1" schemaName="fedcap_workflow" behavior="0" />
      <RootComponent type="1" schemaName="fedcap_yearsummary" behavior="0" />
      <RootComponent type="1" schemaName="govwin_govcompanies" behavior="0" />
      <RootComponent type="1" schemaName="govwin_govcompetitors" behavior="0" />
      <RootComponent type="1" schemaName="govwin_govcontacts" behavior="0" />
      <RootComponent type="1" schemaName="govwin_govcontracts" behavior="0" />
      <RootComponent type="1" schemaName="govwin_govcontracttypes" behavior="0" />
      <RootComponent type="1" schemaName="govwin_govcontractvehicles" behavior="0" />
      <RootComponent type="1" schemaName="govwin_govcredentials" behavior="0" />
      <RootComponent type="1" schemaName="govwin_goventityparenthierarchy" behavior="0" />
      <RootComponent type="1" schemaName="govwin_govfbo_notices" behavior="0" />
      <RootComponent type="1" schemaName="govwin_govgov_entites" behavior="0" />
      <RootComponent type="1" schemaName="govwin_govmilestones" behavior="0" />
      <RootComponent type="1" schemaName="govwin_govplaceofperformance" behavior="0" />
      <RootComponent type="1" schemaName="govwin_govrelatedarticles" behavior="0" />
      <RootComponent type="1" schemaName="govwin_govrelateddocuments" behavior="0" />
      <RootComponent type="1" schemaName="govwin_govupdates" behavior="0" />
      <RootComponent type="1" schemaName="govwin_govwebhref" behavior="0" />
      <RootComponent type="1" schemaName="govwin_govwincompetitiontype" behavior="0" />
      <RootComponent type="1" schemaName="govwin_subgovcompanies" behavior="0" />
      <RootComponent type="1" schemaName="govwin_subgovcompetitors" behavior="0" />
      <RootComponent type="1" schemaName="govwin_subgovcontacts" behavior="0" />
      <RootComponent type="1" schemaName="govwin_subgovcontracts" behavior="0" />
      <RootComponent type="1" schemaName="govwin_subgovcontractvehicles" behavior="0" />
      <RootComponent type="1" schemaName="govwin_subgoventites" behavior="0" />
      <RootComponent type="1" schemaName="govwin_subgovfbonotices" behavior="0" />
      <RootComponent type="1" schemaName="govwin_subgovmilestones" behavior="0" />
      <RootComponent type="1" schemaName="govwin_subgovplaceofperformance" behavior="0" />
      <RootComponent type="1" schemaName="govwin_subgovrelatedarticles" behavior="0" />
      <RootComponent type="1" schemaName="govwin_subgovrelateddocument" behavior="0" />
      <RootComponent type="1" schemaName="govwin_subgovupdates" behavior="0" />
      <RootComponent type="1" schemaName="new_bpf_0dc682429ede4e3292295e38ebec935f" behavior="0" />
      <RootComponent type="1" schemaName="new_callplan" behavior="0" />
      <RootComponent type="1" schemaName="new_contractvehicles" behavior="0" />
      <RootComponent type="1" schemaName="new_fiscalcalendar544" behavior="0" />
      <RootComponent type="1" schemaName="new_oppsplit" behavior="0" />
      <RootComponent type="1" schemaName="opportunity" behavior="1" />
      <RootComponent type="1" schemaName="systemuser" behavior="1" />
      <RootComponent type="1" schemaName="task" behavior="0" />
      <RootComponent type="1" schemaName="tma_config" behavior="0" />
      <RootComponent type="1" schemaName="tm_customizefield" behavior="0" />
      <RootComponent type="1" schemaName="tm_customizesection" behavior="0" />
      <RootComponent type="1" schemaName="tm_customizetab" behavior="0" />
      <RootComponent type="1" schemaName="tm_dependentpicklistrelationship" behavior="0" />
      <RootComponent type="9" schemaName="fedcap_expensetype" behavior="0" />
      <RootComponent type="9" schemaName="fedcap_opencompleted" behavior="0" />
      <RootComponent type="9" schemaName="fedcap_rating" behavior="0" />
      <RootComponent type="20" id="{0de64218-9b71-e911-a95a-000d3a34ec54}" behavior="0" />
      <RootComponent type="20" id="{47110468-f3d8-e811-a966-000d3a30d0ca}" behavior="0" />
      <RootComponent type="20" id="{4ac31515-b380-ea11-a812-000d3a33b5c3}" behavior="0" />
      <RootComponent type="20" id="{63435e2c-fc6f-e911-a981-000d3a3099e5}" behavior="0" />
      <RootComponent type="20" id="{e2a8c1bf-b586-e911-a95a-000d3a34e0cc}" behavior="0" />
      <RootComponent type="29" id="{00287cf6-07a4-ea11-a812-000d3a591b28}" behavior="0" />
      <RootComponent type="29" id="{06e46c21-b833-462a-8073-5aed1463ae36}" behavior="0" />
      <RootComponent type="29" id="{0dc68242-9ede-4e32-9229-5e38ebec935f}" behavior="0" />
      <RootComponent type="29" id="{1a1c6405-09ac-4f39-84ee-84b8c1ef35f9}" behavior="0" />
      <RootComponent type="29" id="{2a967e7a-36da-eb11-bacb-000d3a31b8d3}" behavior="0" />
      <RootComponent type="29" id="{2b967e7a-36da-eb11-bacb-000d3a31b8d3}" behavior="0" />
      <RootComponent type="29" id="{4033287a-36da-eb11-bacb-000d3a31bef8}" behavior="0" />
      <RootComponent type="29" id="{4133287a-36da-eb11-bacb-000d3a31bef8}" behavior="0" />
      <RootComponent type="29" id="{4a18658e-8dd8-4794-a667-406e22c6ec81}" behavior="0" />
      <RootComponent type="29" id="{4d40629a-bd7b-499e-80f4-4449923d52d3}" behavior="0" />
      <RootComponent type="29" id="{564ed2cc-4114-eb11-a813-000d3a591b28}" behavior="0" />
      <RootComponent type="29" id="{5824a7f0-a804-ec11-94ef-00224808c6f6}" behavior="0" />
      <RootComponent type="29" id="{5db5c6ae-d42a-45e2-9e48-a695bc48dbb7}" behavior="0" />
      <RootComponent type="29" id="{6f55439a-383d-434a-be13-161ff9c48e1d}" behavior="0" />
      <RootComponent type="29" id="{743d9e05-2ed5-4130-b9d1-968d6e490273}" behavior="0" />
      <RootComponent type="29" id="{7629d012-cab1-494f-adf4-ffe01e179674}" behavior="0" />
      <RootComponent type="29" id="{7865b78b-8c74-4de9-9ffa-53187c91b38f}" behavior="0" />
      <RootComponent type="29" id="{7e3d2e7a-b20a-e811-a953-000d3a1a9407}" behavior="0" />
      <RootComponent type="29" id="{8fc56879-36da-eb11-bacb-000d3a31b94d}" behavior="0" />
      <RootComponent type="29" id="{a6b0b562-5585-4e28-858d-c14bb5be185b}" behavior="0" />
      <RootComponent type="29" id="{ad766878-36da-eb11-bacb-000d3a31b614}" behavior="0" />
      <RootComponent type="29" id="{b596c305-eb02-4f27-a3b1-c619b147861b}" behavior="0" />
      <RootComponent type="29" id="{bb1a08ba-5f0d-49ff-9f1a-93287dded7a6}" behavior="0" />
      <RootComponent type="29" id="{c21a1c30-9db7-49b3-9d7a-c0a174229514}" behavior="0" />
      <RootComponent type="29" id="{d0034f7c-36da-eb11-bacb-000d3a31b255}" behavior="0" />
      <RootComponent type="29" id="{d28db47c-36da-eb11-bacb-000d3a31b190}" behavior="0" />
      <RootComponent type="29" id="{de77e4a5-ef97-4a78-8bf1-bc0923416a53}" behavior="0" />
      <RootComponent type="29" id="{ecd9e07a-36da-eb11-bacb-000d3a31bf0c}" behavior="0" />
      <RootComponent type="29" id="{f1c2467b-800a-4e80-9cf4-8c0d581cd7af}" behavior="0" />
      <RootComponent type="29" id="{f224c634-18e7-e811-a96f-000d3a3099e5}" behavior="0" />
      <RootComponent type="31" id="{0b9a812b-8ee0-ea11-a813-000d3a591b28}" behavior="0" />
      <RootComponent type="31" id="{1b41f0c1-877f-e811-a961-000d3a308373}" behavior="0" />
      <RootComponent type="31" id="{374686db-959a-ea11-a811-000d3a1ab3c7}" behavior="0" />
      <RootComponent type="31" id="{67bf3731-8ce0-ea11-a813-000d3a591b28}" behavior="0" />
      <RootComponent type="31" id="{6ce00a5d-8be0-ea11-a813-000d3a591b28}" behavior="0" />
      <RootComponent type="31" id="{855a49af-34e8-ea11-a817-000d3a33b5c3}" behavior="0" />
      <RootComponent type="31" id="{a2eb26c9-2ee8-ea11-a817-000d3a33b5c3}" behavior="0" />
      <RootComponent type="31" id="{b5895158-8de0-ea11-a813-000d3a591b28}" behavior="0" />
      <RootComponent type="31" id="{e3a9e215-ef7e-ea11-a812-000d3a33b5c3}" behavior="0" />
      <RootComponent type="60" id="{4c45a602-2923-eb11-a813-00224802b54d}" behavior="0" />
      <RootComponent type="60" id="{7e43dfae-2723-eb11-a813-00224802b54d}" behavior="0" />
      <RootComponent type="60" id="{8b8a0c67-14b8-e811-a965-000d3a30d5db}" behavior="0" />
      <RootComponent type="60" id="{a5ccda43-9779-ea11-a811-000d3a5915b2}" behavior="0" />
      <RootComponent type="60" id="{c1005356-1cab-ea11-a812-000d3a33b5c3}" behavior="0" />
      <RootComponent type="60" id="{cefaed9d-e9ec-ea11-a817-000d3a33b5c3}" behavior="0" />
      <RootComponent type="60" id="{e5f261c5-4cec-ea11-a817-000d3a33b5c3}" behavior="0" />
      <RootComponent type="61" schemaName="clm_ContractEntityIconSvg" behavior="0" />
      <RootComponent type="61" schemaName="clm_ContractRibbonIconPng" behavior="0" />
      <RootComponent type="61" schemaName="fbo_FBOOpportunity.js" behavior="0" />
      <RootComponent type="61" schemaName="fbo_SAMCancel.png" behavior="0" />
      <RootComponent type="61" schemaName="fbo_SAMdownloadLogo.png" behavior="0" />
      <RootComponent type="61" schemaName="fbo_SAMEdit.png" behavior="0" />
      <RootComponent type="61" schemaName="fbo_SAMLogo.png" behavior="0" />
      <RootComponent type="61" schemaName="fbo_SAMSave.png" behavior="0" />
      <RootComponent type="61" schemaName="fedcap_/AlertJS/css/alert.css" behavior="0" />
      <RootComponent type="61" schemaName="fedcap_/AlertJS/img/alert.png" behavior="0" />
      <RootComponent type="61" schemaName="fedcap_/AlertJS/img/alert_load.gif" behavior="0" />
      <RootComponent type="61" schemaName="fedcap_/AlertJS/js/alert.js" behavior="0" />
      <RootComponent type="61" schemaName="fedcap_/css/custome.css" behavior="0" />
      <RootComponent type="61" schemaName="fedcap_/css/custome_ui.css" behavior="0" />
      <RootComponent type="61" schemaName="fedcap_/css/spectrum.css" behavior="0" />
      <RootComponent type="61" schemaName="fedcap_/css/sweetalert.css" behavior="0" />
      <RootComponent type="61" schemaName="fedcap_/css/typeahead.css" behavior="0" />
      <RootComponent type="61" schemaName="fedcap_/images/search_normal.gif" behavior="0" />
      <RootComponent type="61" schemaName="fedcap_/images/ui-icons_444444_256x240.png" behavior="0" />
      <RootComponent type="61" schemaName="fedcap_/images/ui-icons_555555_256x240.png" behavior="0" />
      <RootComponent type="61" schemaName="fedcap_/images/ui-icons_777620_256x240.png" behavior="0" />
      <RootComponent type="61" schemaName="fedcap_/images/ui-icons_777777_256x240.png" behavior="0" />
      <RootComponent type="61" schemaName="fedcap_/images/ui-icons_cc0000_256x240.png" behavior="0" />
      <RootComponent type="61" schemaName="fedcap_/images/ui-icons_ffffff_256x240.png" behavior="0" />
      <RootComponent type="61" schemaName="fedcap_/img/add.png" behavior="0" />
      <RootComponent type="61" schemaName="fedcap_/img/close.png" behavior="0" />
      <RootComponent type="61" schemaName="fedcap_/img/close2.png" behavior="0" />
      <RootComponent type="61" schemaName="fedcap_/img/closeWhite.png" behavior="0" />
      <RootComponent type="61" schemaName="fedcap_/img/edit.png" behavior="0" />
      <RootComponent type="61" schemaName="fedcap_/img/edit2.png" behavior="0" />
      <RootComponent type="61" schemaName="fedcap_/img/editWhite.png" behavior="0" />
      <RootComponent type="61" schemaName="fedcap_/img/loading.gif" behavior="0" />
      <RootComponent type="61" schemaName="fedcap_/img/lockicon.png" behavior="0" />
      <RootComponent type="61" schemaName="fedcap_/img/rearrange.png" behavior="0" />
      <RootComponent type="61" schemaName="fedcap_/js/angular.min.js" behavior="0" />
      <RootComponent type="61" schemaName="fedcap_/js/angular_animate.js" behavior="0" />
      <RootComponent type="61" schemaName="fedcap_/js/bloodhound.js" behavior="0" />
      <RootComponent type="61" schemaName="fedcap_/js/bootstrap.min.js" behavior="0" />
      <RootComponent type="61" schemaName="fedcap_/js/custome.js" behavior="0" />
      <RootComponent type="61" schemaName="fedcap_/js/dynamic_ui.js" behavior="0" />
      <RootComponent type="61" schemaName="fedcap_/js/jquery.min.js" behavior="0" />
      <RootComponent type="61" schemaName="fedcap_/js/jquery_1.11.3.min.js" behavior="0" />
      <RootComponent type="61" schemaName="fedcap_/js/jquery_ui.js" behavior="0" />
      <RootComponent type="61" schemaName="fedcap_/js/jquery_ui.min.js" behavior="0" />
      <RootComponent type="61" schemaName="fedcap_/js/SDK.MetaData.js" behavior="0" />
      <RootComponent type="61" schemaName="fedcap_/js/spectrum.js" behavior="0" />
      <RootComponent type="61" schemaName="fedcap_/js/sweetalert.min.js" behavior="0" />
      <RootComponent type="61" schemaName="fedcap_/js/typeahead.bundle.js" behavior="0" />
      <RootComponent type="61" schemaName="fedcap_/js/typeahead.bundle.min.js" behavior="0" />
      <RootComponent type="61" schemaName="fedcap_/js/ui_bootstrap_tpls_0.14.3.js" behavior="0" />
      <RootComponent type="61" schemaName="fedcap_AccountLoad.js" behavior="0" />
      <RootComponent type="61" schemaName="fedcap_accountmanagement.html" behavior="0" />
      <RootComponent type="61" schemaName="fedcap_accountmanagementlogo.png" behavior="0" />
      <RootComponent type="61" schemaName="fedcap_AccountOpportunityView.html" behavior="0" />
      <RootComponent type="61" schemaName="fedcap_accountPlanForm.js" behavior="0" />
      <RootComponent type="61" schemaName="fedcap_accountPlanScripts.js" behavior="0" />
      <RootComponent type="61" schemaName="fedcap_accountPlanScriptstestwork.js" behavior="0" />
      <RootComponent type="61" schemaName="fedcap_accountPlanStyles.css" behavior="0" />
      <RootComponent type="61" schemaName="fedcap_AccountPPT.js" behavior="0" />
      <RootComponent type="61" schemaName="fedcap_angular-1.8.2.js" behavior="0" />
      <RootComponent type="61" schemaName="fedcap_angular-route.min.js" behavior="0" />
      <RootComponent type="61" schemaName="fedcap_angularjsdropdownmultiselect.js" behavior="0" />
      <RootComponent type="61" schemaName="fedcap_approvalprocess" behavior="0" />
      <RootComponent type="61" schemaName="fedcap_Archintel_FEDEX" behavior="0" />
      <RootComponent type="61" schemaName="fedcap_ARCHNTEL.html" behavior="0" />
      <RootComponent type="61" schemaName="fedcap_bootstrap.bundle.js" behavior="0" />
      <RootComponent type="61" schemaName="fedcap_bootstrap.css" behavior="0" />
      <RootComponent type="61" schemaName="fedcap_bootstrap.js" behavior="0" />
      <RootComponent type="61" schemaName="fedcap_bootstrap.min.css" behavior="0" />
      <RootComponent type="61" schemaName="fedcap_bootstrap.min.js" behavior="0" />
      <RootComponent type="61" schemaName="fedcap_bootstrap_multiselect.css" behavior="0" />
      <RootComponent type="61" schemaName="fedcap_bootstrap_multiselect.js" behavior="0" />
      <RootComponent type="61" schemaName="fedcap_BPFProcessStageFilter" behavior="0" />
      <RootComponent type="61" schemaName="fedcap_Briefing.svg" behavior="0" />
      <RootComponent type="61" schemaName="fedcap_BussinessRulesOnOpportunity_2.0.js" behavior="0" />
      <RootComponent type="61" schemaName="fedcap_CalendarConfig.html" behavior="0" />
      <RootComponent type="61" schemaName="fedcap_CalendarCss.css" behavior="0" />
      <RootComponent type="61" schemaName="fedcap_CaptureCommon.js" behavior="0" />
      <RootComponent type="61" schemaName="fedcap_Clone.svg" behavior="0" />
      <RootComponent type="61" schemaName="fedcap_CollapseAll" behavior="0" />
      <RootComponent type="61" schemaName="fedcap_common.js" behavior="0" />
      <RootComponent type="61" schemaName="fedcap_connected.png" behavior="0" />
      <RootComponent type="61" schemaName="fedcap_ContactLegendLogo" behavior="0" />
      <RootComponent type="61" schemaName="fedcap_CopyOpportunity.js" behavior="0" />
      <RootComponent type="61" schemaName="fedcap_CustomeFunction_2.0.js" behavior="0" />
      <RootComponent type="61" schemaName="fedcap_CustomiseOpportunityTabs_2.0.html" behavior="0" />
      <RootComponent type="61" schemaName="fedcap_CustomiseOpportunityTabs_PGo.html" behavior="0" />
      <RootComponent type="61" schemaName="fedcap_CustomiseOpportunityTabs_PWin.html" behavior="0" />
      <RootComponent type="61" schemaName="fedcap_CustomizeFedcap_Style.css" behavior="0" />
      <RootComponent type="61" schemaName="fedcap_dataTables.min.js" behavior="0" />
      <RootComponent type="61" schemaName="fedcap_DateTimePicker" behavior="0" />
      <RootComponent type="61" schemaName="fedcap_DemoProfile" behavior="0" />
      <RootComponent type="61" schemaName="fedcap_DependantLookUp" behavior="0" />
      <RootComponent type="61" schemaName="fedcap_DynamicController_2.0.js" behavior="0" />
      <RootComponent type="61" schemaName="fedcap_DynamicController_PGO.js" behavior="0" />
      <RootComponent type="61" schemaName="fedcap_DynamicController_PWin.js" behavior="0" />
      <RootComponent type="61" schemaName="fedcap_EditContactRole" behavior="0" />
      <RootComponent type="61" schemaName="fedcap_EditLayout.html" behavior="0" />
      <RootComponent type="61" schemaName="fedcap_EditOppRelationshipMapper" behavior="0" />
      <RootComponent type="61" schemaName="fedcap_Editorcss" behavior="0" />
      <RootComponent type="61" schemaName="fedcap_Editorjs" behavior="0" />
      <RootComponent type="61" schemaName="fedcap_EditRelationshipMapper" behavior="0" />
      <RootComponent type="61" schemaName="fedcap_EditRMContactRole" behavior="0" />
      <RootComponent type="61" schemaName="fedcap_eightytwentygrid.png" behavior="0" />
      <RootComponent type="61" schemaName="fedcap_ej.widget.angular.min.js" behavior="0" />
      <RootComponent type="61" schemaName="fedcap_EmailOppRelationshipMapper" behavior="0" />
      <RootComponent type="61" schemaName="fedcap_EmailRelationshipMapper" behavior="0" />
      <RootComponent type="61" schemaName="fedcap_Email_Link.svg" behavior="0" />
      <RootComponent type="61" schemaName="fedcap_ExpandAll" behavior="0" />
      <RootComponent type="61" schemaName="fedcap_fedcap_ui-bootstrap-2.5.0.min" behavior="0" />
      <RootComponent type="61" schemaName="fedcap_fiftyfiftygrid.png" behavior="0" />
      <RootComponent type="61" schemaName="fedcap_FiveStarIndicator.png" behavior="0" />
      <RootComponent type="61" schemaName="fedcap_font_awesome.min.css" behavior="0" />
      <RootComponent type="61" schemaName="fedcap_FourStarIndicator.png" behavior="0" />
      <RootComponent type="61" schemaName="fedcap_FullCalamain.js" behavior="0" />
      <RootComponent type="61" schemaName="fedcap_FullCalanadar.html" behavior="0" />
      <RootComponent type="61" schemaName="fedcap_FullCalendar.css" behavior="0" />
      <RootComponent type="61" schemaName="fedcap_FullCalendarMain.js" behavior="0" />
      <RootComponent type="61" schemaName="fedcap_GanttChart.svg" behavior="0" />
      <RootComponent type="61" schemaName="fedcap_GetGovWin.svg" behavior="0" />
      <RootComponent type="61" schemaName="fedcap_GetSAM.Gov.svg" behavior="0" />
      <RootComponent type="61" schemaName="fedcap_GlobalCalendar.html" behavior="0" />
      <RootComponent type="61" schemaName="fedcap_GlobalCalendarScript.js" behavior="0" />
      <RootComponent type="61" schemaName="fedcap_GlobalCalendarScript_Print.js" behavior="0" />
      <RootComponent type="61" schemaName="fedcap_GlobalCalendar_Print.html" behavior="0" />
      <RootComponent type="61" schemaName="fedcap_GovCancel.png" behavior="0" />
      <RootComponent type="61" schemaName="fedcap_GovconQCLogo.png" behavior="0" />
      <RootComponent type="61" schemaName="fedcap_GovConSuite.png" behavior="0" />
      <RootComponent type="61" schemaName="fedcap_GovEdit.png" behavior="0" />
      <RootComponent type="61" schemaName="fedcap_GovQC_contactincrm.png" behavior="0" />
      <RootComponent type="61" schemaName="fedcap_GovQC_thumbsUp.png" behavior="0" />
      <RootComponent type="61" schemaName="fedcap_GovSave.png" behavior="0" />
      <RootComponent type="61" schemaName="fedcap_GovWinCompetitorQC.js" behavior="0" />
      <RootComponent type="61" schemaName="fedcap_GovWinContactQC.js" behavior="0" />
      <RootComponent type="61" schemaName="fedcap_GovWinFBO.js" behavior="0" />
      <RootComponent type="61" schemaName="fedcap_GovWinLogo" behavior="0" />
      <RootComponent type="61" schemaName="fedcap_govwinlogo.png" behavior="0" />
      <RootComponent type="61" schemaName="fedcap_Govwin_QuickCreate.js" behavior="0" />
      <RootComponent type="61" schemaName="fedcap_Govwin_QuickCreateModelPopup.html" behavior="0" />
      <RootComponent type="61" schemaName="fedcap_Govwin_QuickCreateOpenPopup.js" behavior="0" />
      <RootComponent type="61" schemaName="fedcap_grid.localeEn" behavior="0" />
      <RootComponent type="61" schemaName="fedcap_Growth.png" behavior="0" />
      <RootComponent type="61" schemaName="fedcap_GrowthSyncFromGovwin.js" behavior="0" />
      <RootComponent type="61" schemaName="fedcap_Helper_JS.js" behavior="0" />
      <RootComponent type="61" schemaName="fedcap_hundred.png" behavior="0" />
      <RootComponent type="61" schemaName="fedcap_Influencer" behavior="0" />
      <RootComponent type="61" schemaName="fedcap_InfluencerOppRelationshipMapper" behavior="0" />
      <RootComponent type="61" schemaName="fedcap_InfluencerRelationshipMapper" behavior="0" />
      <RootComponent type="61" schemaName="fedcap_JavaScript1.4.js" behavior="0" />
      <RootComponent type="61" schemaName="fedcap_JavaScript1.8.js" behavior="0" />
      <RootComponent type="61" schemaName="fedcap_jqGrid_opportunity" behavior="0" />
      <RootComponent type="61" schemaName="fedcap_jquery.3.6.0.min.js" behavior="0" />
      <RootComponent type="61" schemaName="fedcap_jquery.dataTables.min.css" behavior="0" />
      <RootComponent type="61" schemaName="fedcap_jquery.jqGrid.min" behavior="0" />
      <RootComponent type="61" schemaName="fedcap_JQuery.js" behavior="0" />
      <RootComponent type="61" schemaName="fedcap_jquery.min.js" behavior="0" />
      <RootComponent type="61" schemaName="fedcap_Jquery.Print.js" behavior="0" />
      <RootComponent type="61" schemaName="fedcap_jquery.ui" behavior="0" />
      <RootComponent type="61" schemaName="fedcap_jquery.ui.1.12.1.css" behavior="0" />
      <RootComponent type="61" schemaName="fedcap_jquery.ui.1.12.1.js" behavior="0" />
      <RootComponent type="61" schemaName="fedcap_jquery1.11.0.min" behavior="0" />
      <RootComponent type="61" schemaName="fedcap_jquery_datetime.css" behavior="0" />
      <RootComponent type="61" schemaName="fedcap_jszip.min.js" behavior="0" />
      <RootComponent type="61" schemaName="fedcap_kendo.autocomplete.js" behavior="0" />
      <RootComponent type="61" schemaName="fedcap_kendo.common.css" behavior="0" />
      <RootComponent type="61" schemaName="fedcap_kendo.core.js" behavior="0" />
      <RootComponent type="61" schemaName="fedcap_kendo.data.js" behavior="0" />
      <RootComponent type="61" schemaName="fedcap_kendo.data.odata.js" behavior="0" />
      <RootComponent type="61" schemaName="fedcap_Kendo.default.css" behavior="0" />
      <RootComponent type="61" schemaName="fedcap_kendo.list.js" behavior="0" />
      <RootComponent type="61" schemaName="fedcap_kendo.popup.js" behavior="0" />
      <RootComponent type="61" schemaName="fedcap_Loader" behavior="0" />
      <RootComponent type="61" schemaName="fedcap_LoggedinUserSecurityRole" behavior="0" />
      <RootComponent type="61" schemaName="fedcap_MatchingPartnerOnGrid" behavior="0" />
      <RootComponent type="61" schemaName="fedcap_New_GovwinHtml.html" behavior="0" />
      <RootComponent type="61" schemaName="fedcap_NoStarIndicator.png" behavior="0" />
      <RootComponent type="61" schemaName="fedcap_Notes" behavior="0" />
      <RootComponent type="61" schemaName="fedcap_NotesOppRelationshipMapper" behavior="0" />
      <RootComponent type="61" schemaName="fedcap_NotesRelationshipMapper" behavior="0" />
      <RootComponent type="61" schemaName="fedcap_NotSynced.png" behavior="0" />
      <RootComponent type="61" schemaName="fedcap_OneStarIndicator.png" behavior="0" />
      <RootComponent type="61" schemaName="fedcap_OnloadScorecard" behavior="0" />
      <RootComponent type="61" schemaName="fedcap_OpportunityRibbonSave2.0.js" behavior="0" />
      <RootComponent type="61" schemaName="fedcap_OpportunityRibbonSave_TabData.js" behavior="0" />
      <RootComponent type="61" schemaName="fedcap_Opp_RelationshipMapper" behavior="0" />
      <RootComponent type="61" schemaName="fedcap_Opp_RelationshipMapperJS" behavior="0" />
      <RootComponent type="61" schemaName="fedcap_OrgChartCss" behavior="0" />
      <RootComponent type="61" schemaName="fedcap_OrgChartJs" behavior="0" />
      <RootComponent type="61" schemaName="fedcap_Partner-Tab-CompetitiveInsights" behavior="0" />
      <RootComponent type="61" schemaName="fedcap_pptxgen.js" behavior="0" />
      <RootComponent type="61" schemaName="fedcap_pptxgen.masters.js" behavior="0" />
      <RootComponent type="61" schemaName="fedcap_pptxgen.shapes.js" behavior="0" />
      <RootComponent type="61" schemaName="fedcap_PrintOppRelationshipMapper" behavior="0" />
      <RootComponent type="61" schemaName="fedcap_PrintRelationshipMapper" behavior="0" />
      <RootComponent type="61" schemaName="fedcap_Print_ScorecardByStageItem.html" behavior="0" />
      <RootComponent type="61" schemaName="fedcap_Print_ScorecardWinnabilityItem.html" behavior="0" />
      <RootComponent type="61" schemaName="fedcap_Product_PPT.js" behavior="0" />
      <RootComponent type="61" schemaName="fedcap_promise.min.js" behavior="0" />
      <RootComponent type="61" schemaName="fedcap_ReadOnlyifAprrovalSubmitted" behavior="0" />
      <RootComponent type="61" schemaName="fedcap_RegisterFormContextFunctions" behavior="0" />
      <RootComponent type="61" schemaName="fedcap_RelationshipMapper" behavior="0" />
      <RootComponent type="61" schemaName="fedcap_RelationshipMapperJS" behavior="0" />
      <RootComponent type="61" schemaName="fedcap_RelationshipMapperLogo" behavior="0" />
      <RootComponent type="61" schemaName="fedcap_RelationshipMapperTask.html" behavior="0" />
      <RootComponent type="61" schemaName="fedcap_ResourceAssignments.html" behavior="0" />
      <RootComponent type="61" schemaName="fedcap_resourcebudget.html" behavior="0" />
      <RootComponent type="61" schemaName="fedcap_ResponsiveBootstrap.min.css" behavior="0" />
      <RootComponent type="61" schemaName="fedcap_ResponsiveStyle.css" behavior="0" />
      <RootComponent type="61" schemaName="fedcap_RM-Logo-PNG" behavior="0" />
      <RootComponent type="61" schemaName="fedcap_SAM.Gov.html" behavior="0" />
      <RootComponent type="61" schemaName="fedcap_SAMClaudLogo.svg" behavior="0" />
      <RootComponent type="61" schemaName="fedcap_SaveButton.svg" behavior="0" />
      <RootComponent type="61" schemaName="fedcap_SaveButtonDisplayRule_2.0.js" behavior="0" />
      <RootComponent type="61" schemaName="fedcap_Scorecard" behavior="0" />
      <RootComponent type="61" schemaName="fedcap_ScorecardAngular_New.js" behavior="0" />
      <RootComponent type="61" schemaName="fedcap_ScorecardCSS.css" behavior="0" />
      <RootComponent type="61" schemaName="fedcap_ScorecardJS" behavior="0" />
      <RootComponent type="61" schemaName="fedcap_ScorecardOnSavePopup" behavior="0" />
      <RootComponent type="61" schemaName="fedcap_ScorecardPopUp" behavior="0" />
      <RootComponent type="61" schemaName="fedcap_ScorecardStageChange" behavior="0" />
      <RootComponent type="61" schemaName="fedcap_Scorecard_New.html" behavior="0" />
      <RootComponent type="61" schemaName="fedcap_Sdk.Soap.min" behavior="0" />
      <RootComponent type="61" schemaName="fedcap_SecurityRolesOnOpportunity_2.0.js" behavior="0" />
      <RootComponent type="61" schemaName="fedcap_seventyethirtygrid.png" behavior="0" />
      <RootComponent type="61" schemaName="fedcap_sharepoint_iframe_resource" behavior="0" />
      <RootComponent type="61" schemaName="fedcap_ShowContactsWithNoData" behavior="0" />
      <RootComponent type="61" schemaName="fedcap_sixtyfortygrid.png" behavior="0" />
      <RootComponent type="61" schemaName="fedcap_style.css" behavior="0" />
      <RootComponent type="61" schemaName="fedcap_Synced.png" behavior="0" />
      <RootComponent type="61" schemaName="fedcap_Task" behavior="0" />
      <RootComponent type="61" schemaName="fedcap_TaskOppRelationshipMapper" behavior="0" />
      <RootComponent type="61" schemaName="fedcap_TaskOppRelationshipMapperJS" behavior="0" />
      <RootComponent type="61" schemaName="fedcap_TaskRelationshipMapper.js" behavior="0" />
      <RootComponent type="61" schemaName="fedcap_TaskSaveScorecard.js" behavior="0" />
      <RootComponent type="61" schemaName="fedcap_technomile_logo" behavior="0" />
      <RootComponent type="61" schemaName="fedcap_TestWebRes.html" behavior="0" />
      <RootComponent type="61" schemaName="fedcap_ThreeStarIndicator.png" behavior="0" />
      <RootComponent type="61" schemaName="fedcap_ThumpsModerate" behavior="0" />
      <RootComponent type="61" schemaName="fedcap_TwoStarIndicator.png" behavior="0" />
      <RootComponent type="61" schemaName="fedcap_ui.jqgrid" behavior="0" />
      <RootComponent type="61" schemaName="fedcap_uib.js" behavior="0" />
      <RootComponent type="61" schemaName="fedcap_uicalendarhtml" behavior="0" />
      <RootComponent type="61" schemaName="fedcap_ui_bootstrap_2.5.0.min.js" behavior="0" />
      <RootComponent type="61" schemaName="fedcap_UploadContactImage" behavior="0" />
      <RootComponent type="61" schemaName="fedcap_UploadOppContactImage" behavior="0" />
      <RootComponent type="61" schemaName="fedcap_WaterFallReport.js" behavior="0" />
      <RootComponent type="61" schemaName="govwin_ApiCall" behavior="0" />
      <RootComponent type="61" schemaName="govwin_display" behavior="0" />
      <RootComponent type="61" schemaName="govwin_NewGovWin.js" behavior="0" />
      <RootComponent type="61" schemaName="new_vanishpopup_account_address" behavior="0" />
      <RootComponent type="61" schemaName="sam_SAM-Gov-Connector-Logo.png" behavior="0" />
      <RootComponent type="61" schemaName="sam_SAM.Gov.js" behavior="0" />
      <RootComponent type="61" schemaName="tma_agency-search" behavior="0" />
      <RootComponent type="61" schemaName="tma_agency-search-hover" behavior="0" />
      <RootComponent type="61" schemaName="tma_AlertImage.png" behavior="0" />
      <RootComponent type="61" schemaName="tma_AnalyticsIcon" behavior="0" />
      <RootComponent type="61" schemaName="tma_AnalyticsLoader" behavior="0" />
      <RootComponent type="61" schemaName="tma_analyticsLoaderSmall" behavior="0" />
      <RootComponent type="61" schemaName="tma_CodeReview_Analyticsbeforematching" behavior="0" />
      <RootComponent type="61" schemaName="tma_CompetitiveInsightsLoader" behavior="0" />
      <RootComponent type="61" schemaName="tma_GenerateRefreshToken" behavior="0" />
      <RootComponent type="61" schemaName="tma_hierarchy_icon.png" behavior="0" />
      <RootComponent type="61" schemaName="tma_logo" behavior="0" />
      <RootComponent type="61" schemaName="tma_unmatchicon_v2" behavior="0" />
      <RootComponent type="61" schemaName="tma_vendor-search" behavior="0" />
      <RootComponent type="61" schemaName="tma_vendor-search-hover" behavior="0" />
      <RootComponent type="61" schemaName="tma_WidgetConnector.js" behavior="0" />
      <RootComponent type="61" schemaName="tma_Widget_AnalyticsData" behavior="0" />
      <RootComponent type="61" schemaName="tma_Widget_Opportunity" behavior="0" />
      <RootComponent type="61" schemaName="tm_/angularjs-datetime-picker.css" behavior="0" />
      <RootComponent type="61" schemaName="tm_/angularjs-datetime-picker.js" behavior="0" />
      <RootComponent type="61" schemaName="tm_/css/custome.css" behavior="0" />
      <RootComponent type="61" schemaName="tm_/css/spectrum.css" behavior="0" />
      <RootComponent type="61" schemaName="tm_/css/sweetalert.css" behavior="0" />
      <RootComponent type="61" schemaName="tm_/css/typeahead.css" behavior="0" />
      <RootComponent type="61" schemaName="tm_/images/downarrow.png" behavior="0" />
      <RootComponent type="61" schemaName="tm_/images/editGrid.png" behavior="0" />
      <RootComponent type="61" schemaName="tm_/images/minussign.png" behavior="0" />
      <RootComponent type="61" schemaName="tm_/images/save.png" behavior="0" />
      <RootComponent type="61" schemaName="tm_/images/searchicon.png" behavior="0" />
      <RootComponent type="61" schemaName="tm_/images/undo.png" behavior="0" />
      <RootComponent type="61" schemaName="tm_/images/uparrow.png" behavior="0" />
      <RootComponent type="61" schemaName="tm_/img/close.png" behavior="0" />
      <RootComponent type="61" schemaName="tm_/img/edit.png" behavior="0" />
      <RootComponent type="61" schemaName="tm_/img/fieldclose.png" behavior="0" />
      <RootComponent type="61" schemaName="tm_/img/fieldedit.png" behavior="0" />
      <RootComponent type="61" schemaName="tm_/img/loading.gif" behavior="0" />
      <RootComponent type="61" schemaName="tm_/js/angular.min.js" behavior="0" />
      <RootComponent type="61" schemaName="tm_/js/angular_animate.js" behavior="0" />
      <RootComponent type="61" schemaName="tm_/js/bloodhound.js" behavior="0" />
      <RootComponent type="61" schemaName="tm_/js/bootstrap.min.js" behavior="0" />
      <RootComponent type="61" schemaName="tm_/js/custome.js" behavior="0" />
      <RootComponent type="61" schemaName="tm_/js/frameworkcustome.js" behavior="0" />
      <RootComponent type="61" schemaName="tm_/js/jquery.min.js" behavior="0" />
      <RootComponent type="61" schemaName="tm_/js/jquery_1.11.3.min.js" behavior="0" />
      <RootComponent type="61" schemaName="tm_/js/jquery_ui.js" behavior="0" />
      <RootComponent type="61" schemaName="tm_/js/jquery_ui.min.js" behavior="0" />
      <RootComponent type="61" schemaName="tm_/js/SDK.MetaData.js" behavior="0" />
      <RootComponent type="61" schemaName="tm_/js/spectrum.js" behavior="0" />
      <RootComponent type="61" schemaName="tm_/js/sweetalert.min.js" behavior="0" />
      <RootComponent type="61" schemaName="tm_/js/typeahead.bundle.min.js" behavior="0" />
      <RootComponent type="61" schemaName="tm_bootstrap_grid_multiselect.css" behavior="0" />
      <RootComponent type="61" schemaName="tm_bootstrap_grid_multiselect.js" behavior="0" />
      <RootComponent type="61" schemaName="tm_bootstrap_multiselect.css" behavior="0" />
      <RootComponent type="61" schemaName="tm_bootstrap_multiselect.js" behavior="0" />
      <RootComponent type="61" schemaName="tm_Competitors_And_Partners" behavior="0" />
      <RootComponent type="61" schemaName="tm_Competitors_And_Partners.css" behavior="0" />
      <RootComponent type="61" schemaName="tm_CustomiseEntityGridLayout.html" behavior="0" />
      <RootComponent type="61" schemaName="tm_CustomiseEntityLayout.html" behavior="0" />
      <RootComponent type="61" schemaName="tm_CustomiseEntityLayout_Opportunity_AwardInformation.html" behavior="0" />
      <RootComponent type="61" schemaName="tm_CustomiseEntityLayout_Opportunity_Capture.html" behavior="0" />
      <RootComponent type="61" schemaName="tm_CustomiseEntityLayout_Opportunity_CompetitorsPartner.html" behavior="0" />
      <RootComponent type="61" schemaName="tm_CustomiseEntityLayout_Opportunity_KeyDates.html" behavior="0" />
      <RootComponent type="61" schemaName="tm_CustomiseEntityLayout_Opportunity_PGo.html" behavior="0" />
      <RootComponent type="61" schemaName="tm_CustomiseEntityLayout_Opportunity_Pwin.html" behavior="0" />
      <RootComponent type="61" schemaName="tm_CustomiseEntityLayout_Opportunity_Resources.html" behavior="0" />
      <RootComponent type="61" schemaName="tm_CustomiseEntityLayout_Opportunity_Snapshot.html" behavior="0" />
      <RootComponent type="61" schemaName="tm_CustomiseEntityLayout_Opportunity_StopLightQuestions.html" behavior="0" />
      <RootComponent type="61" schemaName="tm_CustomiseEntityTimelineLayout.html" behavior="0" />
      <RootComponent type="61" schemaName="tm_DateStepper.css" behavior="0" />
      <RootComponent type="61" schemaName="tm_DynamicController_2.0.js" behavior="0" />
      <RootComponent type="61" schemaName="tm_DynamicController_AwardInformation.js" behavior="0" />
      <RootComponent type="61" schemaName="tm_DynamicController_Capture.js" behavior="0" />
      <RootComponent type="61" schemaName="tm_DynamicController_CompetitorsandPartner.js" behavior="0" />
      <RootComponent type="61" schemaName="tm_DynamicController_KeyDates.js" behavior="0" />
      <RootComponent type="61" schemaName="tm_DynamicController_PGo.js" behavior="0" />
      <RootComponent type="61" schemaName="tm_DynamicController_Pwin.js" behavior="0" />
      <RootComponent type="61" schemaName="tm_DynamicController_Resources.js" behavior="0" />
      <RootComponent type="61" schemaName="tm_DynamicController_Snapshot.js" behavior="0" />
      <RootComponent type="61" schemaName="tm_DynamicController_StopLightQuestions.js" behavior="0" />
      <RootComponent type="61" schemaName="tm_EditLayout" behavior="0" />
      <RootComponent type="61" schemaName="tm_font_awesome.min.css" behavior="0" />
      <RootComponent type="61" schemaName="tm_FrameworkLayoutconfigurations" behavior="0" />
      <RootComponent type="61" schemaName="tm_GovConSuite.png" behavior="0" />
      <RootComponent type="61" schemaName="tm_NoStarIndicator.png" behavior="0" />
      <RootComponent type="61" schemaName="tm_Opportunity_PWIN.css" behavior="0" />
      <RootComponent type="61" schemaName="tm_Opportunity_StopLightQuestions.css" behavior="0" />
      <RootComponent type="61" schemaName="tm_ResponsiveStyle.css" behavior="0" />
      <RootComponent type="61" schemaName="tm_SaveButtonFunctionality" behavior="0" />
      <RootComponent type="61" schemaName="tm_Stepper.js" behavior="0" />
      <RootComponent type="61" schemaName="tm_uib.js" behavior="0" />
      <RootComponent type="62" schemaName="fedcap_Growth" behavior="0" />
      <RootComponent type="62" schemaName="fedcap_GrowthTeamMember" behavior="0" />
      <RootComponent type="80" schemaName="fedcap_Growth" behavior="0" />
      <RootComponent type="80" schemaName="fedcap_GrowthTeamMember" behavior="0" />
      <RootComponent type="91" id="{d2a3c25c-5b39-4d87-afb8-55154c2d8812}" schemaName="FedCap.Plugins, Version=1.0.0.0, Culture=neutral, PublicKeyToken=6c87df75627f914c" behavior="0" />
      <RootComponent type="91" id="{08e4bade-7064-4120-b191-d22f86a43578}" schemaName="FiscalYear, Version=1.0.0.0, Culture=neutral, PublicKeyToken=ced3e493e98145f7" behavior="0" />
      <RootComponent type="91" id="{c9032a9f-9343-47ea-a811-b997479236bc}" schemaName="GovWinFedCAptureSync Plugin, Version=1.0.0.0, Culture=neutral, PublicKeyToken=4d5074c3434c6bff" behavior="0" />
      <RootComponent type="91" id="{b1ba7c08-4c21-4547-9fbf-9c280e48a274}" schemaName="Gov_Win_Plugin, Version=1.0.0.0, Culture=neutral, PublicKeyToken=3d033326b295573a" behavior="0" />
      <RootComponent type="91" id="{9fb0cbdb-c01d-4792-9255-122cccd13b13}" schemaName="PPTPlugin, Version=1.0.0.0, Culture=neutral, PublicKeyToken=3d033326b295573a" behavior="0" />
      <RootComponent type="91" id="{0555da8b-9af6-45ab-a0b1-6289ab03f37b}" schemaName="RevenueProjectionPlugin, Version=1.0.0.0, Culture=neutral, PublicKeyToken=e64933687eaf4997" behavior="0" />
      <RootComponent type="91" id="{d3b309db-a2ac-41c8-91fc-d25e644fddab}" schemaName="RevenueProjectionPluginBulk, Version=1.0.0.0, Culture=neutral, PublicKeyToken=1d21656d31f2dbf1" behavior="0" />
      <RootComponent type="91" id="{48737f10-2098-4744-b760-276be970bbb2}" schemaName="SAMConnector, Version=1.0.0.0, Culture=neutral, PublicKeyToken=9b9a4cbaa8baf324" behavior="0" />
      <RootComponent type="91" id="{f8972df8-697b-4a9a-9122-db42a1ea081d}" schemaName="Technomile_Scorecard, Version=1.0.0.0, Culture=neutral, PublicKeyToken=4a1fad33cfd593e2" behavior="0" />
      <RootComponent type="92" id="{0b9e9eb1-c9e2-ea11-a813-000d3a591b28}" behavior="0" />
      <RootComponent type="92" id="{0d861bb9-60ba-e811-a96b-000d3a3099e5}" behavior="0" />
      <RootComponent type="92" id="{0fad882b-65ba-e811-a965-000d3a30d0ca}" behavior="0" />
      <RootComponent type="92" id="{15bac779-64ba-e811-a96a-000d3a30db97}" behavior="0" />
      <RootComponent type="92" id="{17fe7a26-5831-ea11-a810-000d3a5910c5}" behavior="0" />
      <RootComponent type="92" id="{1eabb346-a2df-e911-a98d-000d3a3099e5}" behavior="0" />
      <RootComponent type="92" id="{223c3373-3f91-e711-8127-6c3be5b3b698}" behavior="0" />
      <RootComponent type="92" id="{29498729-a74f-e811-a94f-000d3a378dd3}" behavior="0" />
      <RootComponent type="92" id="{60368e8c-65ba-e811-a96b-000d3a3099e5}" behavior="0" />
      <RootComponent type="92" id="{647d8ef2-61ba-e811-a965-000d3a30d0ca}" behavior="0" />
      <RootComponent type="92" id="{6b193650-62ba-e811-a965-000d3a30d5db}" behavior="0" />
      <RootComponent type="92" id="{967299e1-65ba-e811-a968-000d3a3026d6}" behavior="0" />
      <RootComponent type="92" id="{97397740-66ba-e811-a965-000d3a30d5db}" behavior="0" />
      <RootComponent type="92" id="{99f0eaca-1c81-e911-a978-000d3a30d0ca}" behavior="0" />
      <RootComponent type="92" id="{a2ef6346-a74f-e811-a950-000d3a3780dd}" behavior="0" />
      <RootComponent type="92" id="{b345fd5e-9dfc-ea11-a815-000d3a591b28}" behavior="0" />
      <RootComponent type="92" id="{c393ab9b-6aba-e811-a968-000d3a3026d6}" behavior="0" />
      <RootComponent type="92" id="{c78617a4-61ba-e811-a966-000d3a308373}" behavior="0" />
      <RootComponent type="92" id="{ca63f757-5731-ea11-a810-000d3a5910c5}" behavior="0" />
      <RootComponent type="92" id="{cc57e3bf-64ba-e811-a965-000d3a30d0ca}" behavior="0" />
      <RootComponent type="92" id="{cd23338e-5731-ea11-a810-000d3a5910c5}" behavior="0" />
      <RootComponent type="92" id="{d5ecb8eb-20b5-e911-a988-000d3a3099e5}" behavior="0" />
      <RootComponent type="92" id="{d6fd97fa-c906-eb11-a813-000d3a591b28}" behavior="0" />
      <RootComponent type="92" id="{de3ef015-61ba-e811-a96b-000d3a3099e5}" behavior="0" />
      <RootComponent type="92" id="{e3ec9535-d8e2-ea11-a813-000d3a591b28}" behavior="0" />
      <RootComponent type="92" id="{fcc271e2-c906-eb11-a813-000d3a591b28}" behavior="0" />
    </RootComponents>
    <MissingDependencies>
    </MissingDependencies>
  </SolutionManifest>
</ImportExportXml>