{
  "properties": {
    "connectionReferences": {},
    "definition": {
      "$schema": "https://schema.management.azure.com/providers/Microsoft.Logic/schemas/2016-06-01/workflowdefinition.json#",
      "contentVersion": "1.0.0.0",
      "parameters": {
        "$authentication": {
          "defaultValue": {},
          "type": "SecureObject"
        }
      },
      "triggers": {
        "manual": {
          "metadata": {
            "operationMetadataId": "88667bb8-4e01-4ac7-8e29-f35425678223"
          },
          "type": "Request",
          "kind": "Http",
          "inputs": {
            "schema": {
              "type": "object",
              "properties": {
                "analytics_access_token_url": {
                  "type": "string"
                },
                "analytics_clientid": {
                  "type": "string"
                },
                "analytics_clientsecret": {
                  "type": "string"
                },
                "agency_hierarhcy_api_url": {
                  "type": "string"
                },
                "agencyid": {
                  "type": "integer"
                }
              }
            }
          }
        }
      },
      "actions": {
        "Parse_JSON": {
          "runAfter": {},
          "metadata": {
            "operationMetadataId": "429d1eed-8788-44c6-8c2d-8adf0411a741"
          },
          "type": "ParseJson",
          "inputs": {
            "content": "@triggerBody()",
            "schema": {
              "type": "object",
              "properties": {
                "analytics_access_token_url": {
                  "type": "string"
                },
                "analytics_clientid": {
                  "type": "string"
                },
                "analytics_clientsecret": {
                  "type": "string"
                },
                "agency_hierarhcy_api_url": {
                  "type": "string"
                },
                "agencyid": {
                  "type": "integer"
                }
              }
            }
          }
        },
        "Get_Token": {
          "runAfter": {
            "isError": [
              "Succeeded"
            ]
          },
          "metadata": {
            "operationMetadataId": "36aa43eb-8a94-4f9e-90db-5306b3eebec3"
          },
          "type": "Http",
          "inputs": {
            "method": "POST",
            "uri": "@{body('Parse_JSON')?['analytics_access_token_url']}username=@{body('Parse_JSON')?['analytics_clientid']}&password=@{body('Parse_JSON')?['analytics_clientsecret']}&grant_type=password&client_id=@{body('Parse_JSON')?['analytics_clientid']}&client_secret=@{body('Parse_JSON')?['analytics_clientsecret']}",
            "headers": {
              "Content-Type": "application/json"
            }
          }
        },
        "Parse_JSON_2": {
          "runAfter": {
            "Get_Token": [
              "Succeeded"
            ]
          },
          "metadata": {
            "operationMetadataId": "54027a5a-8711-4599-aea2-ce70129b595f"
          },
          "type": "ParseJson",
          "inputs": {
            "content": "@body('Get_Token')",
            "schema": {
              "type": "object",
              "properties": {
                "access_token": {
                  "type": "string"
                },
                "token_type": {
                  "type": "string"
                },
                "expires_in": {
                  "type": "integer"
                },
                "scope": {
                  "type": "string"
                }
              }
            }
          }
        },
        "Compose": {
          "runAfter": {
            "Parse_JSON_2": [
              "Succeeded"
            ]
          },
          "metadata": {
            "operationMetadataId": "cfe21959-2698-4eb0-a711-a971aba01538"
          },
          "type": "Compose",
          "inputs": "@body('Parse_JSON_2')?['access_token']"
        },
        "Try": {
          "actions": {
            "HTTP_Agency_Hierarchy_API": {
              "runAfter": {},
              "metadata": {
                "operationMetadataId": "72c2a3e8-2279-46de-95fb-2381533f939d"
              },
              "type": "Http",
              "inputs": {
                "method": "POST",
                "uri": "@{body('Parse_JSON')?['agency_hierarhcy_api_url']}@{body('Parse_JSON')?['agencyid']}?length=100&order%5B0%5D%5Bcolumn%5D=AgencyEntityLevel&order%5B0%5D%5Bdirection%5D=ASC&access_token=@{outputs('Compose')}",
                "headers": {
                  "Content Type": "application/json"
                },
                "body": {
                  "hierarchy": true
                }
              }
            },
            "Parse_JSON_4": {
              "runAfter": {
                "HTTP_Agency_Hierarchy_API": [
                  "Succeeded"
                ]
              },
              "metadata": {
                "operationMetadataId": "0615d0fe-908c-4137-a21f-ac248fe582fc"
              },
              "type": "ParseJson",
              "inputs": {
                "content": "@body('HTTP_Agency_Hierarchy_API')",
                "schema": {
                  "type": "object",
                  "properties": {
                    "type": {
                      "type": "string"
                    },
                    "properties": {
                      "type": "object",
                      "properties": {
                        "parentAgencies": {
                          "type": "object",
                          "properties": {
                            "type": {
                              "type": "string"
                            },
                            "items": {
                              "type": "object",
                              "properties": {
                                "type": {
                                  "type": "string"
                                },
                                "properties": {
                                  "type": "object",
                                  "properties": {
                                    "id": {
                                      "type": "object",
                                      "properties": {
                                        "type": {
                                          "type": "string"
                                        }
                                      }
                                    },
                                    "AgencyName": {
                                      "type": "object",
                                      "properties": {
                                        "type": {
                                          "type": "string"
                                        }
                                      }
                                    },
                                    "ParentId": {
                                      "type": "object",
                                      "properties": {
                                        "type": {
                                          "type": "string"
                                        }
                                      }
                                    },
                                    "AgencyEntityLevel": {
                                      "type": "object",
                                      "properties": {
                                        "type": {
                                          "type": "string"
                                        }
                                      }
                                    },
                                    "FPDSLCode": {
                                      "type": "object",
                                      "properties": {
                                        "type": {
                                          "type": "string"
                                        }
                                      }
                                    },
                                    "FPDSSCode": {
                                      "type": "object",
                                      "properties": {
                                        "type": {
                                          "type": "string"
                                        }
                                      }
                                    },
                                    "AgencyType": {
                                      "type": "object",
                                      "properties": {
                                        "type": {
                                          "type": "string"
                                        }
                                      }
                                    },
                                    "CarrollId": {
                                      "type": "object",
                                      "properties": {
                                        "type": {
                                          "type": "string"
                                        }
                                      }
                                    },
                                    "CarrollParentId": {
                                      "type": "object",
                                      "properties": {
                                        "type": {
                                          "type": "string"
                                        }
                                      }
                                    },
                                    "DefaultDisplay": {
                                      "type": "object",
                                      "properties": {
                                        "type": {
                                          "type": "string"
                                        }
                                      }
                                    }
                                  }
                                }
                              }
                            }
                          }
                        },
                        "childAgencies": {
                          "type": "object",
                          "properties": {
                            "type": {
                              "type": "string"
                            },
                            "items": {
                              "type": "object",
                              "properties": {
                                "type": {
                                  "type": "string"
                                },
                                "properties": {
                                  "type": "object",
                                  "properties": {
                                    "id": {
                                      "type": "object",
                                      "properties": {
                                        "type": {
                                          "type": "string"
                                        }
                                      }
                                    },
                                    "AgencyName": {
                                      "type": "object",
                                      "properties": {
                                        "type": {
                                          "type": "string"
                                        }
                                      }
                                    },
                                    "ParentId": {
                                      "type": "object",
                                      "properties": {
                                        "type": {
                                          "type": "string"
                                        }
                                      }
                                    },
                                    "AgencyEntityLevel": {
                                      "type": "object",
                                      "properties": {
                                        "type": {
                                          "type": "string"
                                        }
                                      }
                                    },
                                    "FPDSLCode": {
                                      "type": "object",
                                      "properties": {
                                        "type": {
                                          "type": "string"
                                        }
                                      }
                                    },
                                    "FPDSSCode": {
                                      "type": "object",
                                      "properties": {
                                        "type": {
                                          "type": "string"
                                        }
                                      }
                                    },
                                    "AgencyType": {
                                      "type": "object",
                                      "properties": {
                                        "type": {
                                          "type": "string"
                                        }
                                      }
                                    },
                                    "CarrollId": {
                                      "type": "object",
                                      "properties": {
                                        "type": {
                                          "type": "string"
                                        }
                                      }
                                    },
                                    "CarrollParentId": {
                                      "type": "object",
                                      "properties": {
                                        "type": {
                                          "type": "string"
                                        }
                                      }
                                    },
                                    "DefaultDisplay": {
                                      "type": "object",
                                      "properties": {
                                        "type": {
                                          "type": "string"
                                        }
                                      }
                                    }
                                  }
                                }
                              }
                            }
                          }
                        },
                        "id": {
                          "type": "object",
                          "properties": {
                            "type": {
                              "type": "string"
                            }
                          }
                        },
                        "ParentId": {
                          "type": "object",
                          "properties": {
                            "type": {
                              "type": "string"
                            }
                          }
                        },
                        "AgencyName": {
                          "type": "object",
                          "properties": {
                            "type": {
                              "type": "string"
                            }
                          }
                        },
                        "AgencyType": {
                          "type": "object",
                          "properties": {
                            "type": {
                              "type": "string"
                            }
                          }
                        },
                        "AgencyEntityLevel": {
                          "type": "object",
                          "properties": {
                            "type": {
                              "type": "string"
                            }
                          }
                        },
                        "AgencyAddress": {
                          "type": "object",
                          "properties": {
                            "type": {
                              "type": "string"
                            }
                          }
                        },
                        "AgencyCity": {
                          "type": "object",
                          "properties": {
                            "type": {
                              "type": "string"
                            }
                          }
                        },
                        "AgencyState": {
                          "type": "object",
                          "properties": {
                            "type": {
                              "type": "string"
                            }
                          }
                        },
                        "AgencyZipCode": {
                          "type": "object",
                          "properties": {
                            "type": {
                              "type": "string"
                            }
                          }
                        },
                        "AgencyPhone": {
                          "type": "object",
                          "properties": {
                            "type": {
                              "type": "string"
                            }
                          }
                        },
                        "CarrollId": {
                          "type": "object",
                          "properties": {
                            "type": {
                              "type": "string"
                            }
                          }
                        },
                        "CarrollParentId": {
                          "type": "object",
                          "properties": {
                            "type": {
                              "type": "string"
                            }
                          }
                        },
                        "CarrollTopOfficeId": {
                          "type": "object",
                          "properties": {
                            "type": {
                              "type": "string"
                            }
                          }
                        },
                        "Level1_Agency_Key": {
                          "type": "object",
                          "properties": {
                            "type": {
                              "type": "string"
                            }
                          }
                        },
                        "Level1_Agency_Name": {
                          "type": "object",
                          "properties": {
                            "type": {
                              "type": "string"
                            }
                          }
                        },
                        "Level2_Agency_Key": {
                          "type": "object",
                          "properties": {
                            "type": {
                              "type": "string"
                            }
                          }
                        },
                        "Level2_Agency_Name": {
                          "type": "object",
                          "properties": {
                            "type": {
                              "type": "string"
                            }
                          }
                        },
                        "Level3_Agency_Key": {
                          "type": "object",
                          "properties": {
                            "type": {
                              "type": "string"
                            }
                          }
                        },
                        "Level3_Agency_Name": {
                          "type": "object",
                          "properties": {
                            "type": {
                              "type": "string"
                            }
                          }
                        },
                        "Level4_Agency_Key": {
                          "type": "object",
                          "properties": {
                            "type": {
                              "type": "string"
                            }
                          }
                        },
                        "Level4_Agency_Name": {
                          "type": "object",
                          "properties": {
                            "type": {
                              "type": "string"
                            }
                          }
                        },
                        "Level5_Agency_Key": {
                          "type": "object",
                          "properties": {
                            "type": {
                              "type": "string"
                            }
                          }
                        },
                        "Level6_Agency_Key": {
                          "type": "object",
                          "properties": {
                            "type": {
                              "type": "string"
                            }
                          }
                        },
                        "Level7_Agency_Key": {
                          "type": "object",
                          "properties": {
                            "type": {
                              "type": "string"
                            }
                          }
                        },
                        "Level8_Agency_Key": {
                          "type": "object",
                          "properties": {
                            "type": {
                              "type": "string"
                            }
                          }
                        },
                        "Level9_Agency_Key": {
                          "type": "object",
                          "properties": {
                            "type": {
                              "type": "string"
                            }
                          }
                        },
                        "Level10_Agency_Key": {
                          "type": "object",
                          "properties": {
                            "type": {
                              "type": "string"
                            }
                          }
                        },
                        "Level11_Agency_Key": {
                          "type": "object",
                          "properties": {
                            "type": {
                              "type": "string"
                            }
                          }
                        },
                        "DefaultDisplay": {
                          "type": "object",
                          "properties": {
                            "type": {
                              "type": "string"
                            }
                          }
                        },
                        "FundingAgencyContracts": {
                          "type": "object",
                          "properties": {
                            "type": {
                              "type": "string"
                            }
                          }
                        },
                        "AwardingAgencyContracts": {
                          "type": "object",
                          "properties": {
                            "type": {
                              "type": "string"
                            }
                          }
                        },
                        "FundingAgencyTaskorders": {
                          "type": "object",
                          "properties": {
                            "type": {
                              "type": "string"
                            }
                          }
                        },
                        "AwardingAgencyTaskorders": {
                          "type": "object",
                          "properties": {
                            "type": {
                              "type": "string"
                            }
                          }
                        },
                        "FundingAgencyAwards": {
                          "type": "object",
                          "properties": {
                            "type": {
                              "type": "string"
                            }
                          }
                        },
                        "AwardingAgencyAwards": {
                          "type": "object",
                          "properties": {
                            "type": {
                              "type": "string"
                            }
                          }
                        },
                        "SolicitationAgencyCount": {
                          "type": "object",
                          "properties": {
                            "type": {
                              "type": "string"
                            }
                          }
                        },
                        "AwardingAgencyContractsAmount": {
                          "type": "object",
                          "properties": {
                            "type": {
                              "type": "string"
                            }
                          }
                        },
                        "FundingAgencyContractsAmount": {
                          "type": "object",
                          "properties": {
                            "type": {
                              "type": "string"
                            }
                          }
                        },
                        "FundingAgencyVendors": {
                          "type": "object",
                          "properties": {
                            "type": {
                              "type": "string"
                            }
                          }
                        },
                        "AwardingAgencyVendors": {
                          "type": "object",
                          "properties": {
                            "type": {
                              "type": "string"
                            }
                          }
                        },
                        "TotalSubAgenciesContactsIdentified": {
                          "type": "object",
                          "properties": {
                            "type": {
                              "type": "string"
                            }
                          }
                        },
                        "TotalSubAgencies": {
                          "type": "object",
                          "properties": {
                            "type": {
                              "type": "string"
                            }
                          }
                        },
                        "ChildAgencyIds": {
                          "type": "object",
                          "properties": {
                            "type": {
                              "type": "string"
                            },
                            "items": {
                              "type": "object",
                              "properties": {
                                "type": {
                                  "type": "string"
                                }
                              }
                            }
                          }
                        }
                      }
                    }
                  }
                }
              }
            },
            "Response": {
              "runAfter": {
                "Parse_JSON_4": [
                  "Succeeded"
                ]
              },
              "metadata": {
                "operationMetadataId": "314bd910-8878-42a5-90e1-9318e3c58227"
              },
              "type": "Response",
              "kind": "Http",
              "inputs": {
                "statusCode": 200,
                "body": "@body('Parse_JSON_4')"
              }
            }
          },
          "runAfter": {
            "Compose": [
              "Succeeded"
            ]
          },
          "metadata": {
            "operationMetadataId": "80bba96e-6f1a-42d7-97a1-0c39ce33c77e"
          },
          "type": "Scope"
        },
        "Catch": {
          "actions": {
            "Set_isError": {
              "runAfter": {},
              "metadata": {
                "operationMetadataId": "3d2d2a11-a3b3-46d6-8689-55e42d0ea476"
              },
              "type": "SetVariable",
              "inputs": {
                "name": "isError",
                "value": "data not found for given agency id"
              }
            },
            "Response_2": {
              "runAfter": {
                "Set_isError": [
                  "Succeeded"
                ]
              },
              "metadata": {
                "operationMetadataId": "bbb6837d-cfe4-4032-9c49-86455037dfd7"
              },
              "type": "Response",
              "kind": "Http",
              "inputs": {
                "statusCode": 200,
                "body": "@variables('isError')",
                "schema": {
                  "type": "object",
                  "properties": {
                    "errrorMessage": {
                      "type": "string"
                    }
                  }
                }
              }
            }
          },
          "runAfter": {
            "Try": [
              "Failed",
              "TimedOut"
            ]
          },
          "metadata": {
            "operationMetadataId": "d65db3ce-3f68-4625-ac53-9990b01d6342"
          },
          "type": "Scope"
        },
        "isError": {
          "runAfter": {
            "Parse_JSON": [
              "Succeeded"
            ]
          },
          "metadata": {
            "operationMetadataId": "91b97c88-b3c4-49f1-97a5-a42e9f3a5cdc"
          },
          "type": "InitializeVariable",
          "inputs": {
            "variables": [
              {
                "name": "isError",
                "type": "string"
              }
            ]
          }
        }
      }
    }
  },
  "schemaVersion": "1.0.0.0"
}