{
  "properties": {
    "connectionReferences": {},
    "definition": {
      "$schema": "https://schema.management.azure.com/providers/Microsoft.Logic/schemas/2016-06-01/workflowdefinition.json#",
      "contentVersion": "1.0.0.0",
      "parameters": {
        "$authentication": {
          "defaultValue": {},
          "type": "SecureObject"
        }
      },
      "triggers": {
        "manual": {
          "metadata": {
            "operationMetadataId": "a08c83bb-6d71-4b75-a6d7-c2922c86e513"
          },
          "type": "Request",
          "kind": "Http",
          "inputs": {
            "schema": {
              "type": "object",
              "properties": {
                "autoSuggest": {
                  "type": "boolean"
                },
                "analytics_access_token_url": {
                  "type": "string"
                },
                "analytics_clientid": {
                  "type": "string"
                },
                "analytics_clientsecret": {
                  "type": "string"
                },
                "agencies_api_url": {
                  "type": "string"
                },
                "keyword": {
                  "type": "string"
                },
                "options": {
                  "type": "integer"
                }
              }
            }
          }
        }
      },
      "actions": {
        "Parse_JSON": {
          "runAfter": {},
          "metadata": {
            "operationMetadataId": "f56ffcd1-3c88-4cf4-84f6-b75b9335e763"
          },
          "type": "ParseJson",
          "inputs": {
            "content": "@triggerBody()",
            "schema": {
              "type": "object",
              "properties": {
                "autoSuggest": {
                  "type": "boolean"
                },
                "analytics_access_token_url": {
                  "type": "string"
                },
                "analytics_clientid": {
                  "type": "string"
                },
                "analytics_clientsecret": {
                  "type": "string"
                },
                "agencies_api_url": {
                  "type": "string"
                },
                "keyword": {
                  "type": "string"
                },
                "options": {
                  "type": "integer"
                }
              }
            }
          }
        },
        "Parse_JSON_3": {
          "runAfter": {
            "Get_Token": [
              "Succeeded"
            ]
          },
          "metadata": {
            "operationMetadataId": "8c1ad3db-0fbe-49cb-b37e-b3e7a82ad5a8"
          },
          "type": "ParseJson",
          "inputs": {
            "content": "@body('Get_Token')",
            "schema": {
              "type": "object",
              "properties": {
                "access_token": {
                  "type": "string"
                },
                "token_type": {
                  "type": "string"
                },
                "expires_in": {
                  "type": "integer"
                },
                "scope": {
                  "type": "string"
                }
              }
            }
          }
        },
        "Compose": {
          "runAfter": {
            "Parse_JSON_3": [
              "Succeeded"
            ]
          },
          "metadata": {
            "operationMetadataId": "21eda3be-607e-40e1-812e-00e8329154e4"
          },
          "type": "Compose",
          "inputs": "@body('Parse_JSON_3')?['access_token']"
        },
        "Get_Token": {
          "runAfter": {
            "isError": [
              "Succeeded"
            ]
          },
          "metadata": {
            "operationMetadataId": "9b2c41e0-8103-4e84-b6ec-5edaeaff0ed8"
          },
          "type": "Http",
          "inputs": {
            "method": "POST",
            "uri": "@{body('Parse_JSON')?['analytics_access_token_url']}username=@{body('Parse_JSON')?['analytics_clientid']}&password=@{body('Parse_JSON')?['analytics_clientsecret']}&grant_type=password&client_id=@{body('Parse_JSON')?['analytics_clientid']}&client_secret=@{body('Parse_JSON')?['analytics_clientsecret']}",
            "headers": {
              "Content-Type": "application/json"
            }
          }
        },
        "Try": {
          "actions": {
            "HTTP_Agencies_API_": {
              "runAfter": {},
              "metadata": {
                "operationMetadataId": "71bfb44e-7c77-4f76-acdf-a1a1309a9748"
              },
              "type": "Http",
              "inputs": {
                "method": "POST",
                "uri": "@{body('Parse_JSON')?['agencies_api_url']}&access_token=@{outputs('Compose')}",
                "headers": {
                  "Content Type": "application/json"
                },
                "body": {
                  "autoSuggest": "@body('Parse_JSON')?['autoSuggest']",
                  "param": {
                    "keyword": "@body('Parse_JSON')?['keyword']",
                    "options": "@body('Parse_JSON')?['options']"
                  }
                }
              }
            },
            "Parse_JSON_2": {
              "runAfter": {
                "HTTP_Agencies_API_": [
                  "Succeeded"
                ]
              },
              "metadata": {
                "operationMetadataId": "847d754b-358c-439e-9463-1b1036f66bbc"
              },
              "type": "ParseJson",
              "inputs": {
                "content": "@body('HTTP_Agencies_API_')",
                "schema": {
                  "type": "object",
                  "properties": {
                    "statusCode": {
                      "type": "string"
                    },
                    "status": {
                      "type": "string"
                    },
                    "message": {},
                    "data": {
                      "type": "object",
                      "properties": {
                        "pagination": {
                          "type": "object",
                          "properties": {
                            "number": {
                              "type": "integer"
                            },
                            "size": {
                              "type": "integer"
                            },
                            "totalPages": {
                              "type": "integer"
                            },
                            "totalElements": {
                              "type": "integer"
                            }
                          }
                        },
                        "agencyDTOS": {
                          "type": "array",
                          "items": {
                            "type": "object",
                            "properties": {
                              "id": {
                                "type": "integer"
                              },
                              "ParentId": {
                                "type": "integer"
                              },
                              "AgencyName": {
                                "type": "string"
                              },
                              "AgencyType": {
                                "type": "string"
                              },
                              "AgencyEntityLevel": {
                                "type": "integer"
                              },
                              "AgencyCity": {
                                "type": "string"
                              },
                              "AgencyState": {
                                "type": "string"
                              },
                              "AgencyZipCode": {
                                "type": "string"
                              },
                              "CarrollId": {
                                "type": "integer"
                              },
                              "CarrollParentId": {
                                "type": "integer"
                              },
                              "CarrollTopOfficeId": {
                                "type": "integer"
                              },
                              "FPDSAcronym": {
                                "type": "string"
                              },
                              "Level1_Agency_Key": {
                                "type": "integer"
                              },
                              "Level1_Agency_Name": {
                                "type": "string"
                              },
                              "Level2_Agency_Key": {
                                "type": "integer"
                              },
                              "Level2_Agency_Name": {
                                "type": "string"
                              },
                              "Level3_Agency_Key": {
                                "type": "integer"
                              },
                              "Level3_Agency_Name": {
                                "type": "string"
                              },
                              "Level4_Agency_Key": {
                                "type": "integer"
                              },
                              "Level4_Agency_Name": {
                                "type": "string"
                              },
                              "Level5_Agency_Key": {
                                "type": "integer"
                              },
                              "Level6_Agency_Key": {
                                "type": "integer"
                              },
                              "Level7_Agency_Key": {
                                "type": "integer"
                              },
                              "Level8_Agency_Key": {
                                "type": "integer"
                              },
                              "Level9_Agency_Key": {
                                "type": "integer"
                              },
                              "Level10_Agency_Key": {
                                "type": "integer"
                              },
                              "Level11_Agency_Key": {
                                "type": "integer"
                              },
                              "DefaultDisplay": {
                                "type": "integer"
                              },
                              "TotalSubAgenciesContactsIdentified": {
                                "type": "integer"
                              },
                              "TotalSubAgencies": {
                                "type": "integer"
                              },
                              "ChildAgencyIds": {
                                "type": "array",
                                "items": {
                                  "type": "string"
                                }
                              },
                              "AgencyAddress": {
                                "type": "string"
                              },
                              "AgencyCountry": {
                                "type": "string"
                              },
                              "Level5_Agency_Name": {
                                "type": "string"
                              },
                              "AgencyPhone": {
                                "type": "string"
                              },
                              "FPDSDescription": {
                                "type": "string"
                              },
                              "Level6_Agency_Name": {
                                "type": "string"
                              },
                              "CarrollTopOfficeName": {
                                "type": "string"
                              },
                              "AgencyURL": {
                                "type": "string"
                              },
                              "AgencyFax": {
                                "type": "string"
                              },
                              "AgencyFIPSCODE": {
                                "type": "string"
                              },
                              "FPDSLCode": {
                                "type": "string"
                              },
                              "FPDSSCode": {
                                "type": "string"
                              },
                              "Level7_Agency_Name": {
                                "type": "string"
                              },
                              "Level8_Agency_Name": {
                                "type": "string"
                              },
                              "Level9_Agency_Name": {
                                "type": "string"
                              }
                            }
                          }
                        }
                      }
                    },
                    "dataList": {
                      "type": "array"
                    }
                  }
                }
              }
            },
            "Response": {
              "runAfter": {
                "Parse_JSON_2": [
                  "Succeeded"
                ]
              },
              "metadata": {
                "operationMetadataId": "f3f2a6c8-23f1-4ea4-81a0-79965f3531a0"
              },
              "type": "Response",
              "kind": "Http",
              "inputs": {
                "statusCode": 200,
                "body": "@body('Parse_JSON_2')"
              }
            }
          },
          "runAfter": {
            "Compose": [
              "Succeeded"
            ]
          },
          "metadata": {
            "operationMetadataId": "7204ac82-a14a-469c-9d97-85696b61782a"
          },
          "type": "Scope"
        },
        "Catch": {
          "actions": {
            "Set_isError": {
              "runAfter": {},
              "metadata": {
                "operationMetadataId": "5532539d-2901-40bc-a3e4-a95cbea19cfa"
              },
              "type": "SetVariable",
              "inputs": {
                "name": "isError",
                "value": "agency record not found"
              }
            },
            "Response_2": {
              "runAfter": {
                "Set_isError": [
                  "Succeeded"
                ]
              },
              "metadata": {
                "operationMetadataId": "7023010f-aa4e-43a1-84c6-250f13c85660"
              },
              "type": "Response",
              "kind": "Http",
              "inputs": {
                "statusCode": 200,
                "body": "@variables('isError')"
              }
            }
          },
          "runAfter": {
            "Try": [
              "Failed",
              "TimedOut"
            ]
          },
          "metadata": {
            "operationMetadataId": "6fa82529-c5b7-4666-bfb3-712378a34a96"
          },
          "type": "Scope"
        },
        "isError": {
          "runAfter": {
            "Parse_JSON": [
              "Succeeded"
            ]
          },
          "metadata": {
            "operationMetadataId": "6cd32066-12a8-4d61-add1-cf2b1418f9cf"
          },
          "type": "InitializeVariable",
          "inputs": {
            "variables": [
              {
                "name": "isError",
                "type": "string"
              }
            ]
          }
        }
      }
    }
  },
  "schemaVersion": "1.0.0.0"
}