{
  "properties": {
    "connectionReferences": {},
    "definition": {
      "$schema": "https://schema.management.azure.com/providers/Microsoft.Logic/schemas/2016-06-01/workflowdefinition.json#",
      "contentVersion": "1.0.0.0",
      "parameters": {
        "$authentication": {
          "defaultValue": {},
          "type": "SecureObject"
        }
      },
      "triggers": {
        "manual": {
          "type": "Request",
          "kind": "Http",
          "inputs": {
            "schema": {
              "type": "object",
              "properties": {
                "competitor_details_api_url": {
                  "type": "string"
                },
                "agencyid": {
                  "type": "string"
                },
                "analytics_access_token_url": {
                  "type": "string"
                },
                "analytics_clientid": {
                  "type": "string"
                },
                "analytics_clientsecret": {
                  "type": "string"
                }
              }
            }
          }
        }
      },
      "actions": {
        "Parse_JSON": {
          "runAfter": {},
          "type": "ParseJson",
          "inputs": {
            "content": "@triggerBody()",
            "schema": {
              "type": "object",
              "properties": {
                "competitor_details_api_url": {
                  "type": "string"
                },
                "agencyid": {
                  "type": "string"
                },
                "analytics_access_token_url": {
                  "type": "string"
                },
                "analytics_clientid": {
                  "type": "string"
                },
                "analytics_clientsecret": {
                  "type": "string"
                }
              }
            }
          }
        },
        "isError": {
          "runAfter": {
            "Parse_JSON": [
              "Succeeded"
            ]
          },
          "type": "InitializeVariable",
          "inputs": {
            "variables": [
              {
                "name": "isError",
                "type": "string"
              }
            ]
          }
        },
        "Get_Token": {
          "runAfter": {
            "isError": [
              "Succeeded"
            ]
          },
          "type": "Http",
          "inputs": {
            "method": "POST",
            "uri": "@{body('Parse_JSON')?['analytics_access_token_url']}username=@{body('Parse_JSON')?['analytics_clientid']}&password=@{body('Parse_JSON')?['analytics_clientsecret']}&grant_type=password&client_id=@{body('Parse_JSON')?['analytics_clientid']}&client_secret=@{body('Parse_JSON')?['analytics_clientsecret']}",
            "headers": {
              "Content-Type": "application/json"
            }
          }
        },
        "Parse_JSON_2": {
          "runAfter": {
            "Get_Token": [
              "Succeeded"
            ]
          },
          "type": "ParseJson",
          "inputs": {
            "content": "@body('Get_Token')",
            "schema": {
              "type": "object",
              "properties": {
                "access_token": {
                  "type": "string"
                },
                "token_type": {
                  "type": "string"
                },
                "expires_in": {
                  "type": "integer"
                },
                "scope": {
                  "type": "string"
                }
              }
            }
          }
        },
        "Compose": {
          "runAfter": {
            "Parse_JSON_2": [
              "Succeeded"
            ]
          },
          "type": "Compose",
          "inputs": "@body('Parse_JSON_2')?['access_token']"
        },
        "Try": {
          "actions": {
            "HTTP_Competitor_Details_API": {
              "runAfter": {},
              "type": "Http",
              "inputs": {
                "method": "GET",
                "uri": "@{body('Parse_JSON')?['competitor_details_api_url']}@{body('Parse_JSON')?['agencyid']}?order%5B0%5D%5Bdirection%5D=DESC&start=0&order%5B0%5D%5Bcolumn%5D=amount_obligation&length=5&access_token=@{outputs('Compose')}",
                "headers": {
                  "Content Type": "application/json"
                }
              }
            },
            "Parse_JSON_3": {
              "runAfter": {
                "HTTP_Competitor_Details_API": [
                  "Succeeded"
                ]
              },
              "type": "ParseJson",
              "inputs": {
                "content": "@body('HTTP_Competitor_Details_API')",
                "schema": {
                  "type": "object",
                  "properties": {
                    "pagination": {
                      "type": "object",
                      "properties": {
                        "number": {
                          "type": "integer"
                        },
                        "size": {
                          "type": "integer"
                        },
                        "totalPages": {
                          "type": "integer"
                        },
                        "totalElements": {
                          "type": "integer"
                        }
                      }
                    },
                    "agencyVendorDTOS": {
                      "type": "array",
                      "items": {
                        "type": "object",
                        "properties": {
                          "cageCode": {
                            "type": "string"
                          },
                          "number_of_awards": {
                            "type": "integer"
                          },
                          "amount_obligation": {
                            "type": "integer"
                          },
                          "parent_recipient_unique_id": {
                            "type": "string"
                          },
                          "recipient_name": {
                            "type": "string"
                          },
                          "recipient_unique_id": {
                            "type": "string"
                          },
                          "agency_name": {
                            "type": "string"
                          },
                          "agency_parent_id": {
                            "type": "integer"
                          },
                          "agency_id": {
                            "type": "integer"
                          },
                          "fiscal_year": {
                            "type": "integer"
                          },
                          "8a_program_participant": {
                            "type": "integer"
                          },
                          "economically_disadvantaged_women_owned_small_business": {
                            "type": "integer"
                          },
                          "emerging_small_business": {
                            "type": "integer"
                          },
                          "historically_underutilized_business_firm": {
                            "type": "integer"
                          },
                          "minority_owned_business": {
                            "type": "integer"
                          },
                          "nonprofit": {
                            "type": "integer"
                          },
                          "service_disabled_veteran_owned_business": {
                            "type": "integer"
                          },
                          "small_business": {
                            "type": "integer"
                          },
                          "small_disadvantaged_business": {
                            "type": "integer"
                          },
                          "veteran_owned_business": {
                            "type": "integer"
                          },
                          "woman_owned_business": {
                            "type": "integer"
                          },
                          "recipient_hash": {},
                          "parent_recipient_hash": {},
                          "tm_last_updated_date": {
                            "type": "string"
                          },
                          "fiscal_year_spend": {
                            "type": "array",
                            "items": {
                              "type": "object",
                              "properties": {
                                "fiscal_year": {
                                  "type": "integer"
                                },
                                "number_of_awards": {
                                  "type": "integer"
                                },
                                "total_obligation": {
                                  "type": "number"
                                }
                              }
                            }
                          }
                        }
                      }
                    }
                  }
                }
              }
            },
            "Response": {
              "runAfter": {
                "Parse_JSON_3": [
                  "Succeeded"
                ]
              },
              "type": "Response",
              "kind": "Http",
              "inputs": {
                "statusCode": 200,
                "body": "@body('Parse_JSON_3')"
              }
            }
          },
          "runAfter": {
            "Compose": [
              "Succeeded"
            ]
          },
          "type": "Scope"
        },
        "Catch": {
          "actions": {
            "Set_isError": {
              "runAfter": {},
              "type": "SetVariable",
              "inputs": {
                "name": "isError",
                "value": "competitor details record not found"
              }
            },
            "Response_2": {
              "runAfter": {
                "Set_isError": [
                  "Succeeded"
                ]
              },
              "type": "Response",
              "kind": "Http",
              "inputs": {
                "statusCode": 200,
                "body": "@variables('isError')"
              }
            }
          },
          "runAfter": {
            "Try": [
              "Failed",
              "TimedOut"
            ]
          },
          "type": "Scope"
        }
      }
    }
  },
  "schemaVersion": "1.0.0.0"
}