{
  "properties": {
    "connectionReferences": {},
    "definition": {
      "$schema": "https://schema.management.azure.com/providers/Microsoft.Logic/schemas/2016-06-01/workflowdefinition.json#",
      "contentVersion": "1.0.0.0",
      "parameters": {
        "$authentication": {
          "defaultValue": {},
          "type": "SecureObject"
        }
      },
      "triggers": {
        "manual": {
          "type": "Request",
          "kind": "Http",
          "inputs": {
            "schema": {
              "type": "object",
              "properties": {
                "analytics_access_token_url": {
                  "type": "string"
                },
                "analytics_clientid": {
                  "type": "string"
                },
                "analytics_clientsecret": {
                  "type": "string"
                },
                "expiring_contract_api_url": {
                  "type": "string"
                },
                "agencyId": {
                  "type": "string"
                },
                "expiring_6_months": {
                  "type": "boolean"
                },
                "expiring_12_months": {
                  "type": "boolean"
                },
                "expiring_18_months": {
                  "type": "boolean"
                }
              }
            }
          }
        }
      },
      "actions": {
        "Parse_JSON": {
          "runAfter": {},
          "type": "ParseJson",
          "inputs": {
            "content": "@triggerBody()",
            "schema": {
              "type": "object",
              "properties": {
                "analytics_access_token_url": {
                  "type": "string"
                },
                "analytics_clientid": {
                  "type": "string"
                },
                "analytics_clientsecret": {
                  "type": "string"
                },
                "expiring_contract_api_url": {
                  "type": "string"
                },
                "agencyId": {
                  "type": "string"
                },
                "expiring_6_months": {
                  "type": "boolean"
                },
                "expiring_12_months": {
                  "type": "boolean"
                },
                "expiring_18_months": {
                  "type": "boolean"
                }
              }
            }
          }
        },
        "isError": {
          "runAfter": {
            "Parse_JSON": [
              "Succeeded"
            ]
          },
          "type": "InitializeVariable",
          "inputs": {
            "variables": [
              {
                "name": "isError",
                "type": "string"
              }
            ]
          }
        },
        "Get_Token": {
          "runAfter": {
            "isError": [
              "Succeeded"
            ]
          },
          "type": "Http",
          "inputs": {
            "method": "POST",
            "uri": "@{body('Parse_JSON')?['analytics_access_token_url']}username=@{body('Parse_JSON')?['analytics_clientid']}&password=@{body('Parse_JSON')?['analytics_clientsecret']}&grant_type=password&client_id=@{body('Parse_JSON')?['analytics_clientid']}&client_secret=@{body('Parse_JSON')?['analytics_clientsecret']}",
            "headers": {
              "Content-Type": "application/json"
            }
          }
        },
        "Parse_JSON_2": {
          "runAfter": {
            "Get_Token": [
              "Succeeded"
            ]
          },
          "type": "ParseJson",
          "inputs": {
            "content": "@body('Get_Token')",
            "schema": {
              "type": "object",
              "properties": {
                "access_token": {
                  "type": "string"
                },
                "token_type": {
                  "type": "string"
                },
                "expires_in": {
                  "type": "integer"
                },
                "scope": {
                  "type": "string"
                }
              }
            }
          }
        },
        "Compose": {
          "runAfter": {
            "Parse_JSON_2": [
              "Succeeded"
            ]
          },
          "type": "Compose",
          "inputs": "@body('Parse_JSON_2')?['access_token']"
        },
        "Try": {
          "actions": {
            "HTTP_Expiring_Contract_API": {
              "runAfter": {},
              "type": "Http",
              "inputs": {
                "method": "POST",
                "uri": "@{body('Parse_JSON')?['expiring_contract_api_url']}&access_token=@{outputs('Compose')}",
                "headers": {
                  "Content Type": "application/json"
                },
                "body": {
                  "agencyId": "@body('Parse_JSON')?['agencyId']",
                  "expiring_6_months": "@body('Parse_JSON')?['expiring_6_months']",
                  "expiring_12_months": "@body('Parse_JSON')?['expiring_12_months']",
                  "expiring_18_months": "@body('Parse_JSON')?['expiring_18_months']"
                }
              }
            },
            "Parse_JSON_3": {
              "runAfter": {
                "HTTP_Expiring_Contract_API": [
                  "Succeeded"
                ]
              },
              "type": "ParseJson",
              "inputs": {
                "content": "@body('HTTP_Expiring_Contract_API')",
                "schema": {
                  "type": "object",
                  "properties": {
                    "statusCode": {
                      "type": "string"
                    },
                    "status": {
                      "type": "string"
                    },
                    "message": {},
                    "data": {
                      "type": "object",
                      "properties": {
                        "pagination": {
                          "type": "object",
                          "properties": {
                            "number": {
                              "type": "integer"
                            },
                            "size": {
                              "type": "integer"
                            },
                            "totalPages": {
                              "type": "integer"
                            },
                            "totalElements": {
                              "type": "integer"
                            }
                          }
                        },
                        "expiringContractsDTO": {
                          "type": "array",
                          "items": {
                            "type": "object",
                            "properties": {
                              "award_id": {
                                "type": "integer"
                              },
                              "generated_unique_award_id": {
                                "type": "string"
                              },
                              "piid": {
                                "type": "string"
                              },
                              "product_or_service_code": {
                                "type": "string"
                              },
                              "naics": {
                                "type": "integer"
                              },
                              "type": {
                                "type": "string"
                              },
                              "description": {
                                "type": "string"
                              },
                              "type_description": {
                                "type": "string"
                              },
                              "date_signed": {
                                "type": "string"
                              },
                              "base_exercised_options": {
                                "type": "number"
                              },
                              "base_and_all_options": {
                                "type": "number"
                              },
                              "total_obligation": {
                                "type": "number"
                              },
                              "subaward_count": {
                                "type": "integer"
                              },
                              "funding_agency_office_name": {
                                "type": "string"
                              },
                              "funding_agency_subtier_agency_code": {
                                "type": "string"
                              },
                              "funding_agency_toptier_agency_code": {
                                "type": "string"
                              },
                              "awarding_agency_office_name": {
                                "type": "string"
                              },
                              "awarding_agency_subtier_agency_code": {
                                "type": "string"
                              },
                              "awarding_agency_toptier_agency_code": {
                                "type": "string"
                              },
                              "funding_agency_technomile_id": {
                                "type": "integer"
                              },
                              "awarding_agency_technomile_id": {
                                "type": "integer"
                              },
                              "vendor_technomile_id": {
                                "type": "integer"
                              },
                              "parentvendor_technomile_id": {
                                "type": "integer"
                              },
                              "start_date": {
                                "type": "string"
                              },
                              "end_date": {
                                "type": "string"
                              },
                              "last_modified_date": {
                                "type": "string"
                              },
                              "potential_end_date": {
                                "type": "string"
                              },
                              "recipient_unique_id": {
                                "type": "string"
                              },
                              "recipient_name": {
                                "type": "string"
                              },
                              "parent_recipient_unique_id": {
                                "type": "string"
                              },
                              "parent_recipient_name": {
                                "type": "string"
                              },
                              "location_country_code": {
                                "type": "string"
                              },
                              "state_code": {
                                "type": "string"
                              },
                              "congressional_code": {
                                "type": "string"
                              },
                              "tm_last_updated_date": {
                                "type": "string"
                              },
                              "Status": {
                                "type": "string"
                              },
                              "duration_1": {
                                "type": "integer"
                              },
                              "duration": {
                                "type": "integer"
                              },
                              "expiring_18_months": {
                                "type": "boolean"
                              },
                              "expiring_12_months": {
                                "type": "boolean"
                              },
                              "expiring_6_months": {
                                "type": "boolean"
                              },
                              "parent_award_piid": {
                                "type": "string"
                              },
                              "group_title": {
                                "type": "string"
                              },
                              "group_key": {
                                "type": "string"
                              },
                              "solicitation_identifier": {
                                "type": "string"
                              }
                            }
                          }
                        }
                      }
                    },
                    "dataList": {
                      "type": "array"
                    }
                  }
                }
              }
            },
            "Response": {
              "runAfter": {
                "Parse_JSON_3": [
                  "Succeeded"
                ]
              },
              "type": "Response",
              "kind": "Http",
              "inputs": {
                "statusCode": 200,
                "body": "@body('Parse_JSON_3')"
              }
            }
          },
          "runAfter": {
            "Compose": [
              "Succeeded"
            ]
          },
          "type": "Scope"
        },
        "Catch": {
          "actions": {
            "Set_isError": {
              "runAfter": {},
              "type": "SetVariable",
              "inputs": {
                "name": "isError",
                "value": "expiring contract record not found"
              }
            },
            "Response_2": {
              "runAfter": {
                "Set_isError": [
                  "Succeeded"
                ]
              },
              "type": "Response",
              "kind": "Http",
              "inputs": {
                "statusCode": 200,
                "body": "@variables('isError')"
              }
            }
          },
          "runAfter": {
            "Try": [
              "Failed",
              "TimedOut"
            ]
          },
          "type": "Scope"
        }
      }
    }
  },
  "schemaVersion": "1.0.0.0"
}