{
  "properties": {
    "connectionReferences": {},
    "definition": {
      "$schema": "https://schema.management.azure.com/providers/Microsoft.Logic/schemas/2016-06-01/workflowdefinition.json#",
      "contentVersion": "1.0.0.0",
      "parameters": {
        "$authentication": {
          "defaultValue": {},
          "type": "SecureObject"
        }
      },
      "triggers": {
        "manual": {
          "type": "Request",
          "kind": "Http",
          "inputs": {
            "schema": {
              "type": "object",
              "properties": {
                "analytics_access_token_url": {
                  "type": "string"
                },
                "analytics_clientid": {
                  "type": "string"
                },
                "analytics_clientsecret": {
                  "type": "string"
                },
                "solicitations_api_url": {
                  "type": "string"
                },
                "agencyIds": {
                  "type": "array",
                  "items": {
                    "type": "string"
                  }
                }
              }
            }
          }
        }
      },
      "actions": {
        "Parse_JSON": {
          "runAfter": {},
          "type": "ParseJson",
          "inputs": {
            "content": "@triggerBody()",
            "schema": {
              "type": "object",
              "properties": {
                "analytics_access_token_url": {
                  "type": "string"
                },
                "analytics_clientid": {
                  "type": "string"
                },
                "analytics_clientsecret": {
                  "type": "string"
                },
                "solicitations_api_url": {
                  "type": "string"
                },
                "agencyIds": {
                  "type": "array",
                  "items": {
                    "type": "string"
                  }
                }
              }
            }
          }
        },
        "isError": {
          "runAfter": {
            "Parse_JSON": [
              "Succeeded"
            ]
          },
          "type": "InitializeVariable",
          "inputs": {
            "variables": [
              {
                "name": "isError",
                "type": "string"
              }
            ]
          }
        },
        "Get_Token": {
          "runAfter": {
            "isError": [
              "Succeeded"
            ]
          },
          "type": "Http",
          "inputs": {
            "method": "POST",
            "uri": "@{body('Parse_JSON')?['analytics_access_token_url']}username=@{body('Parse_JSON')?['analytics_clientid']}&password=@{body('Parse_JSON')?['analytics_clientsecret']}&grant_type=password&client_id=@{body('Parse_JSON')?['analytics_clientid']}&client_secret=@{body('Parse_JSON')?['analytics_clientsecret']}",
            "headers": {
              "Content-Type": "application/json"
            }
          }
        },
        "Parse_JSON_2": {
          "runAfter": {
            "Get_Token": [
              "Succeeded"
            ]
          },
          "type": "ParseJson",
          "inputs": {
            "content": "@body('Get_Token')",
            "schema": {
              "type": "object",
              "properties": {
                "access_token": {
                  "type": "string"
                },
                "token_type": {
                  "type": "string"
                },
                "expires_in": {
                  "type": "integer"
                },
                "scope": {
                  "type": "string"
                }
              }
            }
          }
        },
        "Compose": {
          "runAfter": {
            "Parse_JSON_2": [
              "Succeeded"
            ]
          },
          "type": "Compose",
          "inputs": "@body('Parse_JSON_2')?['access_token']"
        },
        "Try": {
          "actions": {
            "HTTP_Solicitations_API": {
              "runAfter": {},
              "type": "Http",
              "inputs": {
                "method": "POST",
                "uri": "@{body('Parse_JSON')?['solicitations_api_url']}&access_token=@{outputs('Compose')}",
                "headers": {
                  "Content Type": "application/json"
                },
                "body": {
                  "agencyIds": "@body('Parse_JSON')?['agencyIds']"
                }
              }
            },
            "Parse_JSON_3": {
              "runAfter": {
                "HTTP_Solicitations_API": [
                  "Succeeded"
                ]
              },
              "type": "ParseJson",
              "inputs": {
                "content": "@body('HTTP_Solicitations_API')",
                "schema": {
                  "type": "object",
                  "properties": {
                    "statusCode": {
                      "type": "string"
                    },
                    "status": {
                      "type": "string"
                    },
                    "message": {},
                    "data": {
                      "type": "object",
                      "properties": {
                        "pagination": {
                          "type": "object",
                          "properties": {
                            "number": {
                              "type": "integer"
                            },
                            "size": {
                              "type": "integer"
                            },
                            "totalPages": {
                              "type": "integer"
                            },
                            "totalElements": {
                              "type": "integer"
                            }
                          }
                        },
                        "samContractOpportunityDTOS": {
                          "type": "array",
                          "items": {
                            "type": "object",
                            "properties": {
                              "Active": {
                                "type": "string"
                              },
                              "NoticeId": {
                                "type": "string"
                              },
                              "Title": {
                                "type": "string"
                              },
                              "PostedDate": {
                                "type": "string"
                              },
                              "Type": {
                                "type": "string"
                              },
                              "BaseType": {
                                "type": "string"
                              },
                              "Naics": {
                                "type": "string"
                              },
                              "ArchiveType": {
                                "type": "string"
                              },
                              "ArchiveDate": {
                                "type": "string"
                              },
                              "ResponseDeadLine": {
                                "type": "string"
                              },
                              "NaicsCode": {
                                "type": "integer"
                              },
                              "ProductServiceCode": {
                                "type": "string"
                              },
                              "AwardDateP": {
                                "type": "string"
                              },
                              "PrimaryContactTitle": {
                                "type": "string"
                              },
                              "PrimaryContactFullname": {
                                "type": "string"
                              },
                              "PrimaryContactEmail": {
                                "type": "string"
                              },
                              "PrimaryContactPhone": {
                                "type": "string"
                              },
                              "Link": {
                                "type": "string"
                              },
                              "Description": {
                                "type": "string"
                              },
                              "SolicitationNumber": {
                                "type": "string"
                              },
                              "agency_id": {
                                "type": "integer"
                              },
                              "office_id": {
                                "type": "integer"
                              },
                              "parent_office_id": {
                                "type": "integer"
                              },
                              "latest": {
                                "type": "integer"
                              },
                              "AwardedVendor": {
                                "type": "object",
                                "properties": {
                                  "AwardNumber": {
                                    "type": "object",
                                    "properties": {
                                      "PARENT_AWARD_PIID": {
                                        "type": "array",
                                        "items": {
                                          "type": "array"
                                        }
                                      },
                                      "PIID": {
                                        "type": "array",
                                        "items": {
                                          "type": "array"
                                        }
                                      }
                                    }
                                  }
                                }
                              },
                              "tm_modified_by": {
                                "type": "string"
                              },
                              "Value": {
                                "type": "object",
                                "properties": {
                                  "min": {
                                    "type": "integer"
                                  },
                                  "max": {
                                    "type": "integer"
                                  }
                                }
                              },
                              "Incumbent": {
                                "type": "array",
                                "items": {
                                  "type": "object",
                                  "properties": {
                                    "total_obligation$": {
                                      "type": "string"
                                    },
                                    "total_award_base_and_all_options$": {
                                      "type": "string"
                                    }
                                  }
                                }
                              },
                              "ContractingOffice": {
                                "type": "object",
                                "properties": {}
                              },
                              "POP": {
                                "type": "object",
                                "properties": {}
                              }
                            }
                          }
                        }
                      }
                    },
                    "dataList": {
                      "type": "array"
                    }
                  }
                }
              }
            },
            "Response": {
              "runAfter": {
                "Parse_JSON_3": [
                  "Succeeded"
                ]
              },
              "type": "Response",
              "kind": "Http",
              "inputs": {
                "statusCode": 200,
                "body": "@body('Parse_JSON_3')"
              }
            }
          },
          "runAfter": {
            "Compose": [
              "Succeeded"
            ]
          },
          "type": "Scope"
        },
        "Catch": {
          "actions": {
            "Set_isError": {
              "runAfter": {},
              "type": "SetVariable",
              "inputs": {
                "name": "isError",
                "value": "solicitations record not found"
              }
            },
            "Response_2": {
              "runAfter": {
                "Set_isError": [
                  "Succeeded"
                ]
              },
              "type": "Response",
              "kind": "Http",
              "inputs": {
                "statusCode": 200,
                "body": "@variables('isError')"
              }
            }
          },
          "runAfter": {
            "Try": [
              "Failed",
              "TimedOut"
            ]
          },
          "type": "Scope"
        }
      }
    }
  },
  "schemaVersion": "1.0.0.0"
}