{
  "properties": {
    "connectionReferences": {},
    "definition": {
      "$schema": "https://schema.management.azure.com/providers/Microsoft.Logic/schemas/2016-06-01/workflowdefinition.json#",
      "contentVersion": "1.0.0.0",
      "parameters": {
        "$authentication": {
          "defaultValue": {},
          "type": "SecureObject"
        }
      },
      "triggers": {
        "manual": {
          "type": "Request",
          "kind": "Http",
          "inputs": {
            "schema": {
              "type": "object",
              "properties": {
                "analytics_access_token_url": {
                  "type": "string"
                },
                "analytics_clientid": {
                  "type": "string"
                },
                "analytics_clientsecret": {
                  "type": "string"
                },
                "vendor_awards_api_url": {
                  "type": "string"
                },
                "awardingAgencyId": {
                  "type": "array",
                  "items": {
                    "type": "string"
                  }
                }
              }
            }
          }
        }
      },
      "actions": {
        "Parse_JSON": {
          "runAfter": {},
          "type": "ParseJson",
          "inputs": {
            "content": "@triggerBody()",
            "schema": {
              "type": "object",
              "properties": {
                "analytics_access_token_url": {
                  "type": "string"
                },
                "analytics_clientid": {
                  "type": "string"
                },
                "analytics_clientsecret": {
                  "type": "string"
                },
                "vendor_awards_api_url": {
                  "type": "string"
                },
                "awardingAgencyId": {
                  "type": "array",
                  "items": {
                    "type": "string"
                  }
                }
              }
            }
          }
        },
        "isError": {
          "runAfter": {
            "Parse_JSON": [
              "Succeeded"
            ]
          },
          "type": "InitializeVariable",
          "inputs": {
            "variables": [
              {
                "name": "isError",
                "type": "string"
              }
            ]
          }
        },
        "Get_Token": {
          "runAfter": {
            "isError": [
              "Succeeded"
            ]
          },
          "type": "Http",
          "inputs": {
            "method": "POST",
            "uri": "@{body('Parse_JSON')?['analytics_access_token_url']}username=@{body('Parse_JSON')?['analytics_clientid']}&password=@{body('Parse_JSON')?['analytics_clientsecret']}&grant_type=password&client_id=@{body('Parse_JSON')?['analytics_clientid']}&client_secret=@{body('Parse_JSON')?['analytics_clientsecret']}",
            "headers": {
              "Content-Type": "application/json"
            }
          }
        },
        "Parse_JSON_2": {
          "runAfter": {
            "Get_Token": [
              "Succeeded"
            ]
          },
          "type": "ParseJson",
          "inputs": {
            "content": "@body('Get_Token')",
            "schema": {
              "type": "object",
              "properties": {
                "access_token": {
                  "type": "string"
                },
                "token_type": {
                  "type": "string"
                },
                "expires_in": {
                  "type": "integer"
                },
                "scope": {
                  "type": "string"
                }
              }
            }
          }
        },
        "Compose": {
          "runAfter": {
            "Parse_JSON_2": [
              "Succeeded"
            ]
          },
          "type": "Compose",
          "inputs": "@body('Parse_JSON_2')?['access_token']"
        },
        "Try": {
          "actions": {
            "HTTP_Vendor_Awards": {
              "runAfter": {},
              "type": "Http",
              "inputs": {
                "method": "POST",
                "uri": "@{body('Parse_JSON')?['vendor_awards_api_url']}&access_token=@{outputs('Compose')}",
                "headers": {
                  "Content Type": "application/json"
                },
                "body": {
                  "awardingAgencyId": "@body('Parse_JSON')?['awardingAgencyId']"
                }
              }
            },
            "Parse_JSON_3": {
              "runAfter": {
                "HTTP_Vendor_Awards": [
                  "Succeeded"
                ]
              },
              "type": "ParseJson",
              "inputs": {
                "content": "@body('HTTP_Vendor_Awards')",
                "schema": {
                  "type": "object",
                  "properties": {
                    "pagination": {
                      "type": "object",
                      "properties": {
                        "number": {
                          "type": "integer"
                        },
                        "size": {
                          "type": "integer"
                        },
                        "totalPages": {
                          "type": "integer"
                        },
                        "totalElements": {
                          "type": "integer"
                        }
                      }
                    },
                    "awardDTOS": {
                      "type": "array",
                      "items": {
                        "type": "object",
                        "properties": {
                          "generated_unique_award_id": {
                            "type": "string"
                          },
                          "parent_award_piid": {
                            "type": "string"
                          },
                          "piid": {
                            "type": "string"
                          },
                          "product_or_service_code": {
                            "type": "string"
                          },
                          "naics": {
                            "type": "integer"
                          },
                          "type": {
                            "type": "string"
                          },
                          "description": {
                            "type": "string"
                          },
                          "type_description": {
                            "type": "string"
                          },
                          "category": {
                            "type": "string"
                          },
                          "date_signed": {
                            "type": "string"
                          },
                          "base_exercised_options": {
                            "type": "integer"
                          },
                          "base_and_all_options": {
                            "type": "integer"
                          },
                          "total_obligation": {
                            "type": "integer"
                          },
                          "funding_agency_office_name": {
                            "type": "string"
                          },
                          "funding_agency_subtier_agency_code": {
                            "type": "string"
                          },
                          "funding_agency_toptier_agency_code": {
                            "type": "string"
                          },
                          "awarding_agency_office_name": {
                            "type": "string"
                          },
                          "awarding_agency_subtier_agency_code": {
                            "type": "string"
                          },
                          "awarding_agency_toptier_agency_code": {
                            "type": "string"
                          },
                          "funding_agency_technomile_id": {
                            "type": "integer"
                          },
                          "awarding_agency_technomile_id": {
                            "type": "integer"
                          },
                          "start_date": {
                            "type": "string"
                          },
                          "end_date": {
                            "type": "string"
                          },
                          "last_modified_date": {
                            "type": "string"
                          },
                          "potential_end_date": {
                            "type": "string"
                          },
                          "recipient_unique_id": {
                            "type": "string"
                          },
                          "recipient_name": {
                            "type": "string"
                          },
                          "parent_recipient_unique_id": {
                            "type": "string"
                          },
                          "location_country_code": {
                            "type": "string"
                          },
                          "state_code": {
                            "type": "string"
                          },
                          "congressional_code": {
                            "type": "string"
                          },
                          "funding_agency_technomile_name": {
                            "type": "string"
                          },
                          "awarding_agency_technomile_name": {
                            "type": "string"
                          },
                          "burn_rate_per_year": {
                            "type": "integer"
                          },
                          "percent_of_ceiling_value": {
                            "type": "integer"
                          },
                          "fiscal_year": {
                            "type": "integer"
                          },
                          "fiscal_month": {
                            "type": "integer"
                          },
                          "fiscal_year_spend": {
                            "type": "array",
                            "items": {
                              "type": "object",
                              "properties": {
                                "fiscal_year": {
                                  "type": "integer"
                                },
                                "modification_number": {
                                  "type": "integer"
                                },
                                "total_obligation": {
                                  "type": "integer"
                                }
                              }
                            }
                          },
                          "solicitation_identifier": {
                            "type": "string"
                          },
                          "group_key": {
                            "type": "string"
                          },
                          "group_title": {
                            "type": "string"
                          }
                        }
                      }
                    }
                  }
                }
              }
            },
            "Response": {
              "runAfter": {
                "Parse_JSON_3": [
                  "Succeeded"
                ]
              },
              "type": "Response",
              "kind": "Http",
              "inputs": {
                "statusCode": 200,
                "body": "@body('Parse_JSON_3')"
              }
            }
          },
          "runAfter": {
            "Compose": [
              "Succeeded"
            ]
          },
          "type": "Scope"
        },
        "Catch": {
          "actions": {
            "Set_isError": {
              "runAfter": {},
              "type": "SetVariable",
              "inputs": {
                "name": "isError",
                "value": "vendor awards or top contracts with client related record not found"
              }
            },
            "Response_2": {
              "runAfter": {
                "Set_isError": [
                  "Succeeded"
                ]
              },
              "type": "Response",
              "kind": "Http",
              "inputs": {
                "statusCode": 200,
                "body": "@variables('isError')"
              }
            }
          },
          "runAfter": {
            "Try": [
              "Failed",
              "TimedOut"
            ]
          },
          "type": "Scope"
        }
      }
    }
  },
  "schemaVersion": "1.0.0.0"
}