{
  "properties": {
    "connectionReferences": {},
    "definition": {
      "$schema": "https://schema.management.azure.com/providers/Microsoft.Logic/schemas/2016-06-01/workflowdefinition.json#",
      "contentVersion": "1.0.0.0",
      "parameters": {
        "$authentication": {
          "defaultValue": {},
          "type": "SecureObject"
        }
      },
      "triggers": {
        "manual": {
          "metadata": {
            "operationMetadataId": "e351e455-18cb-4ff3-bbe6-1c9e51d54cd1"
          },
          "type": "Request",
          "kind": "Http",
          "inputs": {
            "schema": {
              "type": "object",
              "properties": {
                "analytics_access_token_url": {
                  "type": "string"
                },
                "analytics_clientid": {
                  "type": "string"
                },
                "analytics_clientsecret": {
                  "type": "string"
                }
              }
            }
          }
        }
      },
      "actions": {
        "Parse_JSON": {
          "runAfter": {},
          "metadata": {
            "operationMetadataId": "92512a34-6015-40b7-9252-3cf2b0aff052"
          },
          "type": "ParseJson",
          "inputs": {
            "content": "@triggerBody()",
            "schema": {
              "type": "object",
              "properties": {
                "analytics_access_token_url": {
                  "type": "string"
                },
                "analytics_clientid": {
                  "type": "string"
                },
                "analytics_clientsecret": {
                  "type": "string"
                }
              }
            }
          }
        },
        "IsError": {
          "runAfter": {
            "Parse_JSON": [
              "Succeeded"
            ]
          },
          "metadata": {
            "operationMetadataId": "a0547273-017d-4eb2-9c53-6a3a9103b4a5"
          },
          "type": "InitializeVariable",
          "inputs": {
            "variables": [
              {
                "name": "IsError",
                "type": "string"
              }
            ]
          }
        },
        "Try": {
          "actions": {
            "HTTP": {
              "runAfter": {},
              "metadata": {
                "operationMetadataId": "49ccba1a-f413-4776-8aa4-d5830b1f77f0"
              },
              "type": "Http",
              "inputs": {
                "method": "POST",
                "uri": "@{body('Parse_JSON')?['analytics_access_token_url']}username=@{body('Parse_JSON')?['analytics_clientid']}&password=@{body('Parse_JSON')?['analytics_clientsecret']}&grant_type=password&client_id=@{body('Parse_JSON')?['analytics_clientid']}&client_secret=@{body('Parse_JSON')?['analytics_clientsecret']}",
                "headers": {
                  "Content Type": "application/json"
                }
              }
            },
            "Parse_JSON_2": {
              "runAfter": {
                "HTTP": [
                  "Succeeded"
                ]
              },
              "metadata": {
                "operationMetadataId": "92d29593-704a-463d-b94a-e818ba2fab04"
              },
              "type": "ParseJson",
              "inputs": {
                "content": "@body('HTTP')",
                "schema": {
                  "type": "object",
                  "properties": {
                    "access_token": {
                      "type": "string"
                    },
                    "token_type": {
                      "type": "string"
                    },
                    "expires_in": {
                      "type": "integer"
                    },
                    "scope": {
                      "type": "string"
                    }
                  }
                }
              }
            },
            "Compose": {
              "runAfter": {
                "Parse_JSON_2": [
                  "Succeeded"
                ]
              },
              "metadata": {
                "operationMetadataId": "14f95d62-1e89-458e-93b8-5e7818c0479b"
              },
              "type": "Compose",
              "inputs": "@body('Parse_JSON_2')?['access_token']"
            },
            "Response": {
              "runAfter": {
                "Compose": [
                  "Succeeded"
                ]
              },
              "metadata": {
                "operationMetadataId": "09e528a8-b5f5-468b-bec1-10be5e15fd3c"
              },
              "type": "Response",
              "kind": "Http",
              "inputs": {
                "statusCode": 200,
                "body": "@outputs('Compose')"
              }
            }
          },
          "runAfter": {
            "IsError": [
              "Succeeded"
            ]
          },
          "metadata": {
            "operationMetadataId": "698fb2bf-14cb-4143-9ecb-c361b38f0c1a"
          },
          "type": "Scope"
        },
        "Catch": {
          "actions": {
            "Set_variable": {
              "runAfter": {},
              "metadata": {
                "operationMetadataId": "5e260c53-88b1-4262-84d8-bf1c828e8f7c"
              },
              "type": "SetVariable",
              "inputs": {
                "name": "IsError",
                "value": "access token not found"
              }
            },
            "Response_2": {
              "runAfter": {
                "Set_variable": [
                  "Succeeded"
                ]
              },
              "metadata": {
                "operationMetadataId": "98f1f293-83cd-420e-b6c1-f6e5fc714fbd"
              },
              "type": "Response",
              "kind": "Http",
              "inputs": {
                "statusCode": 200,
                "body": "@variables('IsError')"
              }
            }
          },
          "runAfter": {
            "Try": [
              "Failed",
              "TimedOut",
              "Skipped"
            ]
          },
          "metadata": {
            "operationMetadataId": "b5b1c9a1-c410-43af-89da-0e1d829afdfe"
          },
          "type": "Scope"
        }
      }
    }
  },
  "schemaVersion": "1.0.0.0"
}