{"properties":{"connectionReferences":{},"definition":{"$schema":"https://schema.management.azure.com/providers/Microsoft.Logic/schemas/2016-06-01/workflowdefinition.json#","contentVersion":"1.0.0.0","parameters":{"$authentication":{"defaultValue":{},"type":"SecureObject"}},"triggers":{"manual":{"type":"Request","kind":"Http","inputs":{"schema":{"type":"object","properties":{"oauthtoken":{"type":"string"},"userid":{"type":"string"},"password":{"type":"string"},"crmid":{"type":"string"},"accountId":{"type":"string"},"opportunityId":{"type":"string"},"sessionDuration":{"type":"string"},"instancename":{"type":"string"},"consumerName":{"type":"string"},"consumerURL":{"type":"string"},"timestamp":{"type":"string"},"useragent":{"type":"string"},"client_id":{"type":"string"},"client_secret":{"type":"string"},"widgettokenurl":{"type":"string"},"registertoken":{"type":"string"}}},"method":"POST"}}},"actions":{"Post_-_Get_Token":{"runAfter":{"crmid":["Succeeded"]},"type":"Http","inputs":{"method":"POST","uri":"@body('Parse_JSON_-_D365_Parameters_')?['widgettokenurl']","headers":{"Accept":"application/json","Content-Type":"application/x-www-form-urlencoded"},"body":"grant_type=client_credentials&client_id=@{body('Parse_JSON_-_D365_Parameters_')?['client_id']}&client_secret=@{body('Parse_JSON_-_D365_Parameters_')?['client_secret']}"}},"Parse_JSON_-_D365_Parameters_":{"runAfter":{},"type":"ParseJson","inputs":{"content":"@triggerBody()","schema":{"type":"object","properties":{"oauthtoken":{"type":"string"},"userid":{"type":"string"},"password":{"type":"string"},"crmid":{"type":"string"},"accountId":{"type":"string"},"opportunityId":{"type":"string"},"sessionDuration":{"type":"string"},"namespace":{"type":"string"},"instancename":{"type":"string"},"consumerName":{"type":"string"},"consumerURL":{"type":"string"},"timestamp":{"type":"string"},"client_id":{"type":"string"},"client_secret":{"type":"string"},"widgettokenurl":{"type":"string"},"registertoken":{"type":"string"}}}}},"HTTP_-_Register_Token":{"runAfter":{"Parse_JSON_-_Get_Token":["Succeeded"]},"type":"Http","inputs":{"method":"POST","uri":"@body('Parse_JSON_-_D365_Parameters_')?['registertoken']","headers":{"Content Type":"application/json; charset=utf-8","Authorization":"Bearer @{body('Parse_JSON_-_Get_Token')?['access_token']}"},"body":{"oauthtoken":"@{body('Parse_JSON_-_D365_Parameters_')?['oauthtoken']}","userid":"@{body('Parse_JSON_-_D365_Parameters_')?['userid']}","password":"@{body('Parse_JSON_-_D365_Parameters_')?['password']}","crmid":"@{outputs('crmid')}","accountId":"@{outputs('accountid')}","opportunityId":"@{outputs('opportunityid')}","instancename":"@{body('Parse_JSON_-_D365_Parameters_')?['instancename']}","consumerName":"Dynamics","consumerURL":"@{body('Parse_JSON_-_D365_Parameters_')?['consumerURL']}","timestamp":"@{body('Parse_JSON_-_D365_Parameters_')?['timestamp']}","sessionDuration":"1440","useragent":"crome","clientip":"@{body('Parse_JSON_-_D365_Parameters_')?['clientip']}"}}},"Parse_JSON_-_Get_Token":{"runAfter":{"Post_-_Get_Token":["Succeeded"]},"type":"ParseJson","inputs":{"content":"@body('Post_-_Get_Token')","schema":{"type":"object","properties":{"access_token":{"type":"string"},"token_type":{"type":"string"},"expires_in":{"type":"integer"},"scope":{"type":"string"}}}}},"Parse_JSON_-_Register_Token":{"runAfter":{"HTTP_-_Register_Token":["Succeeded"]},"type":"ParseJson","inputs":{"content":"@body('HTTP_-_Register_Token')","schema":{"type":"object","properties":{"result":{"type":"boolean"},"message":{"type":"string"},"key":{"type":"string"}}}}},"accountid":{"runAfter":{"Parse_JSON_-_D365_Parameters_":["Succeeded"]},"type":"Compose","inputs":"@toUpper(body('Parse_JSON_-_D365_Parameters_')?['accountId'])"},"opportunityid":{"runAfter":{"accountid":["Succeeded"]},"type":"Compose","inputs":"@toUpper(body('Parse_JSON_-_D365_Parameters_')?['opportunityId'])"},"crmid":{"runAfter":{"opportunityid":["Succeeded"]},"type":"Compose","inputs":"@toUpper(body('Parse_JSON_-_D365_Parameters_')?['crmid'])"},"Response_2":{"runAfter":{"Parse_JSON_-_Register_Token":["Succeeded"]},"type":"Response","kind":"Http","inputs":{"statusCode":200,"body":"@body('Parse_JSON_-_Register_Token')"}}},"outputs":{}}},"schemaVersion":"1.0.0.0"}