{"properties":{"connectionReferences":{},"definition":{"$schema":"https://schema.management.azure.com/providers/Microsoft.Logic/schemas/2016-06-01/workflowdefinition.json#","contentVersion":"1.0.0.0","parameters":{"$authentication":{"defaultValue":{},"type":"SecureObject"}},"triggers":{"manual":{"metadata":{"operationMetadataId":"399345a6-a510-44cd-91ac-7eb8a372fc6f"},"type":"Request","kind":"Http","inputs":{"schema":{"type":"object","properties":{"azure_tenant_id":{"type":"string"},"azure_client_id":{"type":"string"},"azure_client_secret":{"type":"string"},"dynamicsurl":{"type":"string"}}}}}},"actions":{"StrAccessToken":{"runAfter":{"Parse_JSON_2":["Succeeded"]},"metadata":{"operationMetadataId":"5d7d23de-7da0-4b7b-b547-43f7c7e7f953"},"type":"InitializeVariable","inputs":{"variables":[{"name":"StrAccessToken","type":"string"}]}},"HTTP":{"runAfter":{"StrExpireOn":["Succeeded"]},"metadata":{"operationMetadataId":"2301b01c-39cd-44d4-8cef-0737f39d5efb"},"type":"Http","inputs":{"method":"POST","uri":"https://login.microsoftonline.com/@{body('Parse_JSON_2')?['azure_tenant_id']}/oauth2/token","headers":{"Accept ":"application/json","Content-Type":"application/x-www-form-urlencoded"},"body":"grant_type=client_credentials&client_id=@{body('Parse_JSON_2')?['azure_client_id']}&client_secret=@{body('Parse_JSON_2')?['azure_client_secret']}&resource=@{body('Parse_JSON_2')?['dynamicsurl']}"}},"Parse_JSON":{"runAfter":{"HTTP":["Succeeded"]},"metadata":{"operationMetadataId":"e1438d8a-ab21-426e-b5b4-2614d7f9dbd0"},"type":"ParseJson","inputs":{"content":"@body('HTTP')","schema":{"type":"object","properties":{"token_type":{"type":"string"},"expires_in":{"type":"string"},"ext_expires_in":{"type":"string"},"expires_on":{"type":"string"},"not_before":{"type":"string"},"resource":{"type":"string"},"access_token":{"type":"string"}}}}},"Compose":{"runAfter":{"Parse_JSON":["Succeeded"]},"metadata":{"operationMetadataId":"fae4e5b5-5e2c-45b5-ab9c-0fca1edc9c70"},"type":"Compose","inputs":"@body('Parse_JSON')?['access_token']"},"Set_variable":{"runAfter":{"Set_Expire_On":["Succeeded"]},"metadata":{"operationMetadataId":"8e8b6d08-e1fb-40b0-99b7-e9c87a5ba1ad"},"type":"SetVariable","inputs":{"name":"StrAccessToken","value":"@{outputs('Compose')}"}},"Response":{"runAfter":{"Set_variable":["Succeeded"]},"metadata":{"operationMetadataId":"49aed4bf-618e-47ce-ab4f-6b5733b0da36"},"type":"Response","kind":"Http","inputs":{"statusCode":200,"body":"AccessToken:@{outputs('Compose')} ExpiresOn:@{variables('StrExpireOn')}"}},"StrExpireOn":{"runAfter":{"StrAccessToken":["Succeeded"]},"metadata":{"operationMetadataId":"fc369362-b76e-401b-9848-d1a7c3cb73d3"},"type":"InitializeVariable","inputs":{"variables":[{"name":"StrExpireOn","type":"string"}]}},"Set_Expire_On":{"runAfter":{"Compose":["Succeeded"]},"metadata":{"operationMetadataId":"21dbe6c8-c525-4f65-8f71-27b0b80840fc"},"type":"SetVariable","inputs":{"name":"StrExpireOn","value":"@body('Parse_JSON')?['expires_on']"}},"Parse_JSON_2":{"runAfter":{},"metadata":{"operationMetadataId":"837159c3-290c-446d-8286-7b25542b485c"},"type":"ParseJson","inputs":{"content":"@triggerBody()","schema":{"type":"object","properties":{"azure_tenant_id":{"type":"string"},"azure_client_id":{"type":"string"},"azure_client_secret":{"type":"string"},"dynamicsurl":{"type":"string"}}}}}}}},"schemaVersion":"1.0.0.0"}