{"properties":{"connectionReferences":{},"definition":{"$schema":"https://schema.management.azure.com/providers/Microsoft.Logic/schemas/2016-06-01/workflowdefinition.json#","contentVersion":"1.0.0.0","parameters":{"$authentication":{"defaultValue":{},"type":"SecureObject"}},"triggers":{"manual":{"metadata":{"operationMetadataId":"900c62c0-e105-4e6d-9b48-11f32fb65bfe"},"type":"Request","kind":"Http","inputs":{"schema":{"type":"object","properties":{"email":{"type":"string"},"crmid":{"type":"string"},"clientid":{"type":"string"},"client_id":{"type":"string"},"client_secret":{"type":"string"},"instancename":{"type":"string"},"widgettokenurl":{"type":"string"},"verifyanalyticsuser":{"type":"string"}}}}}},"actions":{"Get_Token":{"runAfter":{"Parse_JSON_-_D365_Parameters_":["Succeeded"]},"metadata":{"operationMetadataId":"819b709e-0328-42e9-93d3-01e432830130"},"type":"Http","inputs":{"method":"POST","uri":"@body('Parse_JSON_-_D365_Parameters_')?['widgettokenurl']","headers":{"Accept":"application/json","Content-Type":"application/x-www-form-urlencoded"},"body":"grant_type=client_credentials&client_id=@{body('Parse_JSON_-_D365_Parameters_')?['client_id']}&client_secret=@{body('Parse_JSON_-_D365_Parameters_')?['client_secret']}"}},"Response":{"runAfter":{"Parse_JSON_-_Verify_Analytics_User":["Succeeded"]},"metadata":{"operationMetadataId":"756ec9d5-30d4-47f1-8025-696e92b4a9ef"},"type":"Response","kind":"Http","inputs":{"statusCode":200,"body":"@body('Parse_JSON_-_Verify_Analytics_User')"}},"HTTP":{"runAfter":{"Compose_-Access_token":["Succeeded"]},"metadata":{"operationMetadataId":"7fc34d9f-48ce-410f-a8ef-f8ceb730b75f"},"type":"Http","inputs":{"method":"POST","uri":"@body('Parse_JSON_-_D365_Parameters_')?['verifyanalyticsuser']","headers":{"Content Type":"application/json; charset=utf-8","Authorization":"Bearer @{outputs('Compose_-Access_token')}"},"body":{"email":"@{body('Parse_JSON_-_D365_Parameters_')?['email']}","crmid":"@{outputs('Compose_-_CRMID')}","clientid":"@{outputs('Compose_-_CLIENTID')}","instancename":"@{body('Parse_JSON_-_D365_Parameters_')?['instancename']}"}}},"Parse_JSON_-_Get_Token":{"runAfter":{"Get_Token":["Succeeded"]},"metadata":{"operationMetadataId":"07a6d93a-5bcd-4afd-9350-195aee047b4e"},"type":"ParseJson","inputs":{"content":"@body('Get_Token')","schema":{"type":"object","properties":{"access_token":{"type":"string"},"token_type":{"type":"string"},"expires_in":{"type":"integer"},"scope":{"type":"string"}}}}},"Parse_JSON_-_Verify_Analytics_User":{"runAfter":{"HTTP":["Succeeded"]},"metadata":{"operationMetadataId":"8a432434-aabb-464d-ae03-52e95c83e981"},"type":"ParseJson","inputs":{"content":"@body('HTTP')","schema":{"type":"object","properties":{"result":{"type":"boolean"},"message":{"type":"string"}}}}},"Parse_JSON_-_D365_Parameters_":{"runAfter":{},"metadata":{"operationMetadataId":"08b0ce69-ce11-4911-8648-c47936007868"},"type":"ParseJson","inputs":{"content":"@triggerBody()","schema":{"type":"object","properties":{"email":{"type":"string"},"crmid":{"type":"string"},"clientid":{"type":"string"},"client_id":{"type":"string"},"client_secret":{"type":"string"},"instancename":{"type":"string"},"widgettokenurl":{"type":"string"},"verifyanalyticsuser":{"type":"string"}}}}},"Compose_-_CRMID":{"runAfter":{"Parse_JSON_-_Get_Token":["Succeeded"]},"metadata":{"operationMetadataId":"910d2b6b-d8a7-4b3e-ac49-68efcfdb9706"},"type":"Compose","inputs":"@toLower(body('Parse_JSON_-_D365_Parameters_')?['crmid'])"},"Compose_-_CLIENTID":{"runAfter":{"Compose_-_CRMID":["Succeeded"]},"metadata":{"operationMetadataId":"1005eb8f-e0d9-4578-9e99-c1817e24358c"},"type":"Compose","inputs":"@toUpper(body('Parse_JSON_-_D365_Parameters_')?['clientid'])"},"Compose_-Access_token":{"runAfter":{"Compose_-_CLIENTID":["Succeeded"]},"metadata":{"operationMetadataId":"faf00b67-430e-4b1e-91d7-348e831437ce"},"type":"Compose","inputs":"@body('Parse_JSON_-_Get_Token')?['access_token']"}},"outputs":{}}},"schemaVersion":"1.0.0.0"}